profile_id,answer_id,gender,age,employment,income,Q1,Q2,Q3,Q4,Q5,Q6,Q7,Q8,Q9,Q10,Q11,Q12,Q13,Q14,Q15,Q16,Q17,Q18,Q19,Q20
0,0,Female,From 20 to 29,Student,"Less than RM25,000",1,1,0,0,3,2,0,1,1,"0,3",1,3,2,4,3,4,3,2,"1,4,6",0
0,1,Female,From 20 to 29,Student,"Less than RM25,000",1,1,0,0,3,2,0,1,1,"0,3",1,3,2,4,3,4,3,2,"1,4,6",1
0,2,Female,From 20 to 29,Student,"Less than RM25,000",1,1,0,0,3,2,0,1,1,"0,3",1,3,2,4,3,4,3,2,"1,4,6",1
0,3,Female,From 20 to 29,Student,"Less than RM25,000",1,1,0,0,3,2,0,1,1,"0,3",1,3,2,4,3,4,3,2,"1,4,6",1
0,4,Female,From 20 to 29,Student,"Less than RM25,000",1,1,0,0,3,2,0,1,1,"0,3",1,3,2,4,3,3,3,2,"1,4",1
1,0,Female,From 20 to 29,Student,"Less than RM25,000",1,1,0,0,3,2,0,1,1,"0,3",1,3,2,4,3,4,3,2,"1,4,6",1
1,1,Female,From 20 to 29,Student,"Less than RM25,000",1,1,0,0,3,2,0,1,1,"0,3",1,3,2,4,3,3,3,2,"1,4,6",1
1,2,Female,From 20 to 29,Student,"Less than RM25,000",1,1,0,0,3,2,0,1,1,"0,3",2,3,2,4,4,4,3,3,"1,4,6",0
1,3,Female,From 20 to 29,Student,"Less than RM25,000",1,1,0,0,3,2,0,1,1,"0,3",1,3,2,4,3,4,3,3,"1,4,6",1
1,4,Female,From 20 to 29,Student,"Less than RM25,000",1,1,0,0,3,2,0,1,1,"0,3",2,3,2,4,3,3,3,2,"1,4",1
2,0,Male,From 20 to 29,Employed,"Less than RM25,000",0,1,2,0,3,2,0,1,1,"0,3",2,3,2,4,3,4,3,3,"1,4,6",0
2,1,Male,From 20 to 29,Employed,"Less than RM25,000",0,1,2,0,3,2,0,1,1,"0,3",2,3,2,4,3,4,3,3,"1,4,6",0
2,2,Male,From 20 to 29,Employed,"Less than RM25,000",0,1,2,0,3,2,0,1,1,"0,3",2,3,2,4,3,4,3,2,"1,4,6",1
2,3,Male,From 20 to 29,Employed,"Less than RM25,000",0,1,2,0,3,2,0,1,1,"0,3",2,3,2,4,3,4,3,3,"1,4,6",0
2,4,Male,From 20 to 29,Employed,"Less than RM25,000",0,1,2,0,3,2,0,1,1,"0,3",2,3,2,4,3,4,3,3,"1,4,6",0
3,0,Female,From 20 to 29,Student,"Less than RM25,000",1,1,0,0,3,2,0,1,1,"0,3",1,3,2,4,3,3,3,2,"1,4,6",1
3,1,Female,From 20 to 29,Student,"Less than RM25,000",1,1,0,0,3,2,0,1,1,"0,3",1,3,2,4,3,3,3,2,"1,4",1
3,2,Female,From 20 to 29,Student,"Less than RM25,000",1,1,0,0,3,2,0,1,1,"0,3",1,3,2,4,3,4,3,2,"1,4,6",1
3,3,Female,From 20 to 29,Student,"Less than RM25,000",1,1,0,0,3,2,0,1,1,"0,3",1,3,2,4,3,4,3,2,"1,4,6",0
3,4,Female,From 20 to 29,Student,"Less than RM25,000",1,1,0,0,3,2,0,1,1,"0,3",1,3,2,4,3,4,3,2,"1,4",1
4,0,Male,From 20 to 29,Student,"Less than RM25,000",0,1,0,0,3,3,0,1,1,5,0,3,2,4,3,4,3,2,"6,8",1
4,1,Male,From 20 to 29,Student,"Less than RM25,000",0,1,0,0,3,2,0,1,1,"0,3",2,3,2,4,4,4,3,3,"1,4,6",1
4,2,Male,From 20 to 29,Student,"Less than RM25,000",0,1,0,0,3,2,0,1,1,"0,3",2,3,2,4,3,4,3,3,"1,4,6",1
4,3,Male,From 20 to 29,Student,"Less than RM25,000",0,1,0,0,3,2,0,1,1,"0,3",2,3,2,4,4,4,3,3,"1,4,6",1
4,4,Male,From 20 to 29,Student,"Less than RM25,000",0,1,0,0,3,2,0,1,1,"0,3",1,3,2,4,3,4,3,2,"1,4,6",0
5,0,Female,From 20 to 29,Student,"Less than RM25,000",1,1,0,0,3,2,0,1,1,"0,3",1,3,2,4,3,3,3,2,"1,4",1
5,1,Female,From 20 to 29,Student,"Less than RM25,000",1,1,0,0,3,2,0,2,1,"0,3",1,3,2,4,3,3,3,2,"1,4,6",1
5,2,Female,From 20 to 29,Student,"Less than RM25,000",1,1,0,0,3,2,0,1,1,"0,3",1,3,2,4,3,4,3,2,"1,4,6",1
5,3,Female,From 20 to 29,Student,"Less than RM25,000",1,1,0,0,3,2,0,1,1,"0,3",1,3,2,4,3,4,3,2,"1,4,6",1
5,4,Female,From 20 to 29,Student,"Less than RM25,000",1,1,0,0,3,2,0,1,1,"0,3",1,3,2,4,3,4,3,2,"1,4,6",0
6,0,Female,From 20 to 29,Student,"Less than RM25,000",1,1,0,0,3,2,0,1,1,"0,3",1,3,2,4,3,4,3,3,"1,4,6",1
6,1,Female,From 20 to 29,Student,"Less than RM25,000",1,1,0,0,3,2,0,1,1,"0,3",1,3,2,4,3,4,3,3,"1,4",1
6,2,Female,From 20 to 29,Student,"Less than RM25,000",1,1,0,0,3,2,0,1,1,"0,3",1,3,2,4,3,3,3,2,"1,4",1
6,3,Female,From 20 to 29,Student,"Less than RM25,000",1,1,0,0,3,2,0,2,1,"0,3",1,3,2,4,3,4,3,3,"1,4,6",0
6,4,Female,From 20 to 29,Student,"Less than RM25,000",1,1,0,0,3,2,0,1,1,"0,3",1,3,2,4,3,3,3,2,"1,4",1
7,0,Male,From 20 to 29,Employed,"RM50,000 - RM100,000",0,1,2,2,3,2,0,1,1,"0,3",2,4,2,3,4,4,4,3,"1,4,6",0
7,1,Male,From 20 to 29,Employed,"RM50,000 - RM100,000",0,1,2,2,3,2,0,1,1,"0,3",2,4,2,3,4,4,4,3,"1,4,6",0
7,2,Male,From 20 to 29,Employed,"RM50,000 - RM100,000",0,1,2,2,3,2,0,1,1,"0,3",2,4,2,3,4,4,4,3,"1,4,6",0
7,3,Male,From 20 to 29,Employed,"RM50,000 - RM100,000",0,1,2,2,3,2,0,1,1,"0,3",2,4,2,4,4,4,4,3,"1,4",0
7,4,Male,From 20 to 29,Employed,"RM50,000 - RM100,000",0,1,2,2,3,2,0,1,1,"0,3",2,4,2,3,4,4,4,3,"1,4,6",0
8,0,Female,From 20 to 29,Student,"Less than RM25,000",1,1,0,0,3,2,0,1,1,"0,3",1,3,2,4,3,4,3,3,"1,4,6",1
8,1,Female,From 20 to 29,Student,"Less than RM25,000",1,1,0,0,3,2,0,1,1,"0,3",1,3,2,4,3,4,3,2,"1,4,6",1
8,2,Female,From 20 to 29,Student,"Less than RM25,000",1,1,0,0,3,2,0,1,1,"0,3",1,3,2,4,3,4,3,3,"1,4,6",0
8,3,Female,From 20 to 29,Student,"Less than RM25,000",1,1,0,0,3,2,0,1,1,"0,3",1,3,2,4,4,4,4,3,"1,4,6",1
8,4,Female,From 20 to 29,Student,"Less than RM25,000",1,1,0,0,3,2,0,1,1,"0,3",1,3,2,4,3,4,3,3,"1,4,6",1
9,0,Male,From 20 to 29,Employed,"Less than RM25,000",0,1,2,0,3,2,0,1,1,"0,3",1,3,2,4,3,4,3,2,"1,4,6",0
9,1,Male,From 20 to 29,Employed,"Less than RM25,000",0,1,2,0,3,2,0,1,1,"0,3",2,3,2,4,3,3,3,2,"1,4,6",0
9,2,Male,From 20 to 29,Employed,"Less than RM25,000",0,1,2,0,3,2,0,1,1,"0,3",2,3,2,4,3,4,3,2,"1,4,6",0
9,3,Male,From 20 to 29,Employed,"Less than RM25,000",0,1,2,0,3,2,0,1,1,"0,3",2,3,2,4,3,4,3,2,"1,4,6",0
9,4,Male,From 20 to 29,Employed,"Less than RM25,000",0,1,2,0,3,2,0,1,1,"0,3",2,3,2,4,3,4,3,3,"1,4,6",0
10,0,Female,From 20 to 29,Student,"Less than RM25,000",1,1,0,0,3,2,0,2,1,"0,3",1,3,2,4,3,4,3,3,"1,4,6",0
10,1,Female,From 20 to 29,Student,"Less than RM25,000",1,1,0,0,3,2,0,1,1,"0,3",1,3,2,4,4,4,3,3,"1,4,6",0
10,2,Female,From 20 to 29,Student,"Less than RM25,000",1,1,0,0,3,2,0,1,1,"0,3",1,3,2,4,4,4,3,3,"1,4,6",1
10,3,Female,From 20 to 29,Student,"Less than RM25,000",1,1,0,0,3,2,0,1,1,"0,3",1,3,2,4,3,4,3,2,"1,4,6",0
10,4,Female,From 20 to 29,Student,"Less than RM25,000",1,1,0,0,3,2,0,1,1,"0,3",2,3,2,4,4,4,3,3,"1,4,6",0
11,0,Female,From 20 to 29,Student,"Less than RM25,000",1,1,0,0,3,2,0,1,1,"0,3",2,3,2,4,4,4,3,3,"1,4,6",1
11,1,Female,From 20 to 29,Student,"Less than RM25,000",1,1,0,0,3,2,0,1,1,"0,3",2,3,2,4,4,4,4,3,"1,4,6",1
11,2,Female,From 20 to 29,Student,"Less than RM25,000",1,1,0,0,3,2,0,1,1,"0,3",1,3,2,4,3,4,3,3,"1,4,6",0
11,3,Female,From 20 to 29,Student,"Less than RM25,000",1,1,0,0,3,2,0,1,1,"0,3",1,3,2,4,3,4,3,3,"1,4,6",1
11,4,Female,From 20 to 29,Student,"Less than RM25,000",1,1,0,0,3,2,0,1,1,"0,3",1,3,2,4,3,4,3,2,"1,4",1
12,0,Female,From 20 to 29,Student,"Less than RM25,000",1,1,0,0,3,2,0,1,1,"0,3",1,3,2,4,3,3,3,2,"1,4,6",1
12,1,Female,From 20 to 29,Student,"Less than RM25,000",1,1,0,0,3,2,0,1,1,"0,3",1,3,2,4,3,4,3,3,"1,4",1
12,2,Female,From 20 to 29,Student,"Less than RM25,000",1,1,0,0,3,2,0,1,1,"0,3",1,3,2,4,3,4,3,3,"1,4,6",1
12,3,Female,From 20 to 29,Student,"Less than RM25,000",1,1,0,0,3,2,0,2,1,"0,3",2,3,2,4,3,4,3,2,"1,4,6",1
12,4,Female,From 20 to 29,Student,"Less than RM25,000",1,1,0,0,3,2,0,1,1,"0,3",1,3,2,4,3,3,3,2,"1,4",1
13,0,Female,From 20 to 29,Student,"Less than RM25,000",1,1,0,0,3,2,0,1,1,"0,3",1,3,2,4,3,4,3,3,"1,4,6",0
13,1,Female,From 20 to 29,Student,"Less than RM25,000",1,1,0,0,3,2,0,1,1,"0,3",1,3,2,4,3,3,3,2,"1,4",1
13,2,Female,From 20 to 29,Student,"Less than RM25,000",1,1,0,0,3,2,0,1,1,"0,3",1,3,2,4,3,4,3,2,"1,4,6",1
13,3,Female,From 20 to 29,Student,"Less than RM25,000",1,1,0,0,3,2,0,1,1,"0,3",1,3,2,4,3,4,3,3,"1,4,6",0
13,4,Female,From 20 to 29,Student,"Less than RM25,000",1,1,0,0,3,2,0,1,1,"0,3",1,3,2,4,3,4,3,2,"1,4,6",1
14,0,Female,From 20 to 29,Student,"Less than RM25,000",1,1,0,0,3,2,0,2,1,"0,3",1,3,2,4,3,4,3,3,"1,4,6",1
14,1,Female,From 20 to 29,Student,"Less than RM25,000",1,1,0,0,3,2,0,1,1,"0,3",1,3,2,4,4,4,4,3,"1,4,6",1
14,2,Female,From 20 to 29,Student,"Less than RM25,000",1,1,0,0,3,2,0,1,1,"0,3",1,3,2,4,3,4,3,2,"1,4",1
14,3,Female,From 20 to 29,Student,"Less than RM25,000",1,1,0,0,3,2,0,1,1,"0,3",1,3,2,4,4,4,3,3,"1,4,6",1
14,4,Female,From 20 to 29,Student,"Less than RM25,000",1,1,0,0,3,2,0,2,1,"0,3",1,3,2,4,3,3,3,2,"1,4",1
15,0,Female,From 20 to 29,Employed,"Less than RM25,000",1,1,2,0,3,2,0,1,1,"0,3",2,3,2,4,3,4,3,3,"1,4,6",1
15,1,Female,From 20 to 29,Employed,"Less than RM25,000",1,1,2,0,3,2,0,1,1,"0,3",1,3,2,4,3,4,3,2,"1,4,6",1
15,2,Female,From 20 to 29,Employed,"Less than RM25,000",1,1,2,0,3,2,0,1,1,"0,3",2,3,2,4,4,4,4,3,"1,4,6",0
15,3,Female,From 20 to 29,Employed,"Less than RM25,000",1,1,2,0,3,2,0,1,1,"0,3",1,3,2,4,3,3,3,2,"1,4",1
15,4,Female,From 20 to 29,Employed,"Less than RM25,000",1,1,2,0,3,2,0,1,1,"0,3",2,3,2,4,4,4,3,3,"1,4,6",1
16,0,Male,From 30 to 39,Employed,"RM50,000 - RM100,000",0,2,2,2,3,2,0,1,1,"0,3",2,4,2,3,4,4,4,3,"1,4",0
16,1,Male,From 30 to 39,Employed,"RM50,000 - RM100,000",0,2,2,2,3,2,0,1,1,"0,3",2,3,2,4,4,4,4,3,"1,4,6",0
16,2,Male,From 30 to 39,Employed,"RM50,000 - RM100,000",0,2,2,2,3,2,0,1,1,"0,3",2,4,3,4,4,4,4,4,"1,4,6",0
16,3,Male,From 30 to 39,Employed,"RM50,000 - RM100,000",0,2,2,2,3,2,0,1,1,"0,3",2,3,2,4,4,4,4,3,"1,4,6",0
16,4,Male,From 30 to 39,Employed,"RM50,000 - RM100,000",0,2,2,2,3,2,0,1,1,"0,3",2,3,2,4,4,4,3,3,"1,4,6",0
17,0,Male,From 20 to 29,Employed,"Less than RM25,000",0,1,2,0,3,2,0,1,1,"0,3",1,3,2,4,3,4,3,3,"1,4,6",0
17,1,Male,From 20 to 29,Employed,"Less than RM25,000",0,1,2,0,3,2,0,1,1,"0,3",2,3,2,4,3,4,3,3,"1,4,6",0
17,2,Male,From 20 to 29,Employed,"Less than RM25,000",0,1,2,0,3,2,0,1,1,"0,3",1,3,2,4,3,4,3,3,"1,4,6",0
17,3,Male,From 20 to 29,Employed,"Less than RM25,000",0,1,2,0,3,2,0,1,1,"0,3",2,3,2,4,3,4,3,2,"1,4,6",0
17,4,Male,From 20 to 29,Employed,"Less than RM25,000",0,1,2,0,3,2,0,1,1,"0,3",2,3,2,4,3,4,3,3,"1,4,6",1
18,0,Male,From 20 to 29,Employed,"RM25,000 - RM50,000",0,1,2,1,3,2,0,1,1,"0,3",2,3,2,4,4,4,4,3,"1,4,6",0
18,1,Male,From 20 to 29,Employed,"RM25,000 - RM50,000",0,1,2,1,3,2,0,1,1,"0,3",2,3,2,4,4,4,4,3,"1,4,6",0
18,2,Male,From 20 to 29,Employed,"RM25,000 - RM50,000",0,1,2,1,3,2,0,1,1,"0,3",2,3,2,4,4,4,3,3,"1,4,6",0
18,3,Male,From 20 to 29,Employed,"RM25,000 - RM50,000",0,1,2,1,3,2,0,1,1,"0,3",2,4,2,3,4,4,4,3,"1,4,6",0
18,4,Male,From 20 to 29,Employed,"RM25,000 - RM50,000",0,1,2,1,3,2,0,1,1,"0,3",2,3,2,4,4,4,3,3,"1,4,6",0
19,0,Female,From 20 to 29,Self-employed,"RM50,000 - RM100,000",1,1,1,2,3,2,0,1,1,"0,3",2,4,2,4,4,4,4,4,"1,4,6",0
19,1,Female,From 20 to 29,Self-employed,"RM50,000 - RM100,000",1,1,1,2,3,2,0,1,1,"0,3",2,4,2,4,4,4,4,4,"1,4",0
19,2,Female,From 20 to 29,Self-employed,"RM50,000 - RM100,000",1,1,1,2,3,2,0,1,1,"0,3",2,4,3,4,4,4,4,4,"1,4,6",0
19,3,Female,From 20 to 29,Self-employed,"RM50,000 - RM100,000",1,1,1,2,3,2,0,1,1,"0,3",2,4,2,4,4,4,4,3,"1,4",0
19,4,Female,From 20 to 29,Self-employed,"RM50,000 - RM100,000",1,1,1,2,3,2,0,1,1,"0,3",2,4,2,4,4,4,4,3,"1,4",0
20,0,Male,From 30 to 39,Employed,"RM100,000 - RM150,000",0,2,2,3,3,2,0,1,1,"0,3",2,4,3,4,4,4,4,4,"1,4,6",0
20,1,Male,From 30 to 39,Employed,"RM100,000 - RM150,000",0,2,2,3,3,2,0,1,1,"0,3",2,4,2,3,4,4,4,3,"1,4,6",0
20,2,Male,From 30 to 39,Employed,"RM100,000 - RM150,000",0,2,2,3,3,2,0,1,1,"0,3",2,4,2,3,4,4,4,3,"1,4",0
20,3,Male,From 30 to 39,Employed,"RM100,000 - RM150,000",0,2,2,3,3,2,0,1,1,"0,3",2,4,2,3,4,4,4,3,"1,4,6",0
20,4,Male,From 30 to 39,Employed,"RM100,000 - RM150,000",0,2,2,3,3,2,0,1,1,"0,3",2,4,2,3,4,4,4,3,"1,4",0
21,0,Female,From 20 to 29,Employed,"Less than RM25,000",1,1,2,0,3,2,0,1,1,"0,3",2,3,2,4,3,4,3,3,"1,4",1
21,1,Female,From 20 to 29,Employed,"Less than RM25,000",1,1,2,0,3,2,0,1,1,"0,3",2,3,2,4,3,4,3,2,"1,4,6",1
21,2,Female,From 20 to 29,Employed,"Less than RM25,000",1,1,2,0,3,2,0,1,1,"0,3",2,3,2,4,3,3,3,2,"1,4,6",1
21,3,Female,From 20 to 29,Employed,"Less than RM25,000",1,1,2,0,3,2,0,1,1,"0,3",1,3,2,4,4,4,3,3,"1,4,6",1
21,4,Female,From 20 to 29,Employed,"Less than RM25,000",1,1,2,0,3,2,0,1,1,"0,3",2,3,2,4,3,4,3,3,"1,4,6",0
22,0,Male,From 20 to 29,Employed,"RM25,000 - RM50,000",0,1,2,1,3,2,0,1,1,"0,3",2,3,2,4,4,4,4,3,"1,4,6",0
22,1,Male,From 20 to 29,Employed,"RM25,000 - RM50,000",0,1,2,1,3,2,0,1,1,"0,3",2,3,2,4,4,4,3,3,"1,4,6",0
22,2,Male,From 20 to 29,Employed,"RM25,000 - RM50,000",0,1,2,1,3,2,0,1,1,"0,3",2,3,2,4,3,4,3,3,"1,4,6",0
22,3,Male,From 20 to 29,Employed,"RM25,000 - RM50,000",0,1,2,1,3,2,0,1,1,"0,3",2,4,2,3,4,4,4,3,"1,4,6",0
22,4,Male,From 20 to 29,Employed,"RM25,000 - RM50,000",0,1,2,1,3,2,0,1,1,"0,3",2,3,2,4,4,4,3,3,"1,4,6",0
23,0,Female,From 20 to 29,Student,"Less than RM25,000",1,1,0,0,3,2,0,2,1,"0,3",1,3,2,4,3,4,3,3,"1,4,6",1
23,1,Female,From 20 to 29,Student,"Less than RM25,000",1,1,0,0,3,2,0,1,1,"0,3",1,3,2,4,3,4,3,2,"1,4,6",0
23,2,Female,From 20 to 29,Student,"Less than RM25,000",1,1,0,0,3,2,0,1,1,"0,3",1,3,2,4,3,4,3,2,"1,4,6",1
23,3,Female,From 20 to 29,Student,"Less than RM25,000",1,1,0,0,3,2,0,1,1,"0,3",1,3,2,4,3,3,3,2,"1,4,6",1
23,4,Female,From 20 to 29,Student,"Less than RM25,000",1,1,0,0,3,2,0,1,1,"0,3",1,3,2,4,3,4,3,2,"1,4,6",1
24,0,Male,40 and above,Self-employed,"RM100,000 - RM150,000",0,3,1,3,3,2,0,1,1,"0,3",2,4,2,3,4,4,4,3,"1,4,6",0
24,1,Male,40 and above,Self-employed,"RM100,000 - RM150,000",0,3,1,3,3,2,0,1,1,"0,3",2,4,2,3,4,4,4,3,"1,4",0
24,2,Male,40 and above,Self-employed,"RM100,000 - RM150,000",0,3,1,3,3,2,0,1,1,"0,3",2,4,2,3,4,4,4,3,"1,4,6",0
24,3,Male,40 and above,Self-employed,"RM100,000 - RM150,000",0,3,1,3,3,2,0,1,1,"0,3",2,4,2,3,4,4,4,3,"1,4,6",0
24,4,Male,40 and above,Self-employed,"RM100,000 - RM150,000",0,3,1,3,3,2,0,1,1,"0,3",2,4,2,3,4,4,4,3,"1,4,6",0
25,0,Male,From 30 to 39,Employed,"More than RM150,000",0,2,2,4,2,2,1,1,0,"0,3",2,4,3,4,4,4,4,4,"0,1,6",0
25,1,Male,From 30 to 39,Employed,"More than RM150,000",0,2,2,4,2,2,1,1,0,"0,3",2,4,3,4,4,4,4,4,"1,4,6",0
25,2,Male,From 30 to 39,Employed,"More than RM150,000",0,2,2,4,3,2,0,1,1,"0,3",2,4,3,4,4,4,4,4,"1,4",0
25,3,Male,From 30 to 39,Employed,"More than RM150,000",0,2,2,4,3,2,0,1,1,"0,3",2,4,3,4,4,4,4,4,"1,4",0
25,4,Male,From 30 to 39,Employed,"More than RM150,000",0,2,2,4,3,2,0,1,1,"0,3",2,4,3,4,4,4,4,4,"1,4",0
26,0,Male,From 30 to 39,Employed,"More than RM150,000",0,2,2,4,3,2,0,1,1,"0,3",2,4,3,4,4,4,4,4,"1,4,6",0
26,1,Male,From 30 to 39,Employed,"More than RM150,000",0,2,2,4,3,2,0,1,1,"0,3",2,4,3,4,4,5,4,4,"1,4,6",0
26,2,Male,From 30 to 39,Employed,"More than RM150,000",0,2,2,4,3,2,0,1,1,"0,3",2,4,3,4,4,4,4,4,"1,4",0
26,3,Male,From 30 to 39,Employed,"More than RM150,000",0,2,2,4,3,2,0,1,1,"0,3",2,4,3,4,4,4,4,4,"1,4,6",0
26,4,Male,From 30 to 39,Employed,"More than RM150,000",0,2,2,4,3,2,0,1,1,"0,3",2,4,3,4,4,4,4,4,"1,4",0
27,0,Male,From 20 to 29,Self-employed,"Less than RM25,000",0,1,1,0,3,2,0,1,1,"0,3",1,3,2,4,3,4,3,2,"1,4,6",1
27,1,Male,From 20 to 29,Self-employed,"Less than RM25,000",0,1,1,0,3,2,0,1,1,"0,3",1,3,2,4,3,4,3,2,"1,4,6",1
27,2,Male,From 20 to 29,Self-employed,"Less than RM25,000",0,1,1,0,3,2,0,1,1,"0,3",1,3,2,4,3,3,3,2,"1,4",1
27,3,Male,From 20 to 29,Self-employed,"Less than RM25,000",0,1,1,0,3,2,0,1,1,"0,3",1,3,2,4,3,4,3,2,"1,4",1
27,4,Male,From 20 to 29,Self-employed,"Less than RM25,000",0,1,1,0,3,2,0,1,1,"0,3",1,3,2,4,3,3,3,2,"1,4,6",1
28,0,Male,40 and above,Self-employed,"More than RM150,000",0,3,1,4,3,2,0,1,1,"0,3",2,4,2,3,4,4,4,4,"1,4,6",0
28,1,Male,40 and above,Self-employed,"More than RM150,000",0,3,1,4,3,2,0,1,1,"0,3",2,4,2,3,4,4,4,4,"1,4,6",0
28,2,Male,40 and above,Self-employed,"More than RM150,000",0,3,1,4,3,2,0,1,1,"0,3",2,4,3,4,4,4,4,4,"1,4,6",0
28,3,Male,40 and above,Self-employed,"More than RM150,000",0,3,1,4,3,2,0,1,1,"0,3",2,4,2,3,4,4,4,3,"1,4,6",0
28,4,Male,40 and above,Self-employed,"More than RM150,000",0,3,1,4,3,2,0,1,1,"0,3",2,4,2,3,4,4,4,4,"1,4,6",0
29,0,Female,From 20 to 29,Employed,"RM50,000 - RM100,000",1,1,2,2,3,2,0,1,1,"0,3",2,4,3,4,4,4,4,4,"1,4,6",0
29,1,Female,From 20 to 29,Employed,"RM50,000 - RM100,000",1,1,2,2,3,2,0,1,1,"0,3",2,4,2,4,4,4,4,4,"1,4,6",0
29,2,Female,From 20 to 29,Employed,"RM50,000 - RM100,000",1,1,2,2,3,2,0,1,1,"0,3",2,4,3,4,4,4,4,4,"1,4,6",0
29,3,Female,From 20 to 29,Employed,"RM50,000 - RM100,000",1,1,2,2,3,2,0,1,1,"0,3",2,4,2,3,4,4,4,3,"1,4,6",0
29,4,Female,From 20 to 29,Employed,"RM50,000 - RM100,000",1,1,2,2,3,2,0,1,1,"0,3",2,3,2,4,4,4,3,3,"1,4,6",0
30,0,Female,From 20 to 29,Employed,"RM25,000 - RM50,000",1,1,2,1,3,2,0,1,1,"0,3",2,3,2,4,4,4,3,3,"1,4,6",0
30,1,Female,From 20 to 29,Employed,"RM25,000 - RM50,000",1,1,2,1,3,2,0,1,1,"0,3",2,4,2,4,4,4,4,3,"1,4,6",0
30,2,Female,From 20 to 29,Employed,"RM25,000 - RM50,000",1,1,2,1,3,2,0,1,1,"0,3",2,3,2,4,4,4,3,3,"1,4,6",0
30,3,Female,From 20 to 29,Employed,"RM25,000 - RM50,000",1,1,2,1,3,2,0,1,1,"0,3",2,4,2,4,4,4,4,3,"1,4",0
30,4,Female,From 20 to 29,Employed,"RM25,000 - RM50,000",1,1,2,1,3,2,0,1,1,"0,3",2,4,3,4,4,4,4,4,"1,4,6",0
31,0,Female,From 20 to 29,Employed,"RM50,000 - RM100,000",1,1,2,2,3,2,0,1,1,"0,3",2,4,3,4,4,4,4,4,"1,4,6",0
31,1,Female,From 20 to 29,Employed,"RM50,000 - RM100,000",1,1,2,2,3,2,0,1,1,"0,3",2,4,3,4,4,4,4,4,"1,4,6",0
31,2,Female,From 20 to 29,Employed,"RM50,000 - RM100,000",1,1,2,2,3,2,0,1,1,"0,3",2,4,2,3,4,4,4,3,"1,4",0
31,3,Female,From 20 to 29,Employed,"RM50,000 - RM100,000",1,1,2,2,3,2,0,1,1,"0,3",2,4,2,3,4,4,4,3,"1,4",0
31,4,Female,From 20 to 29,Employed,"RM50,000 - RM100,000",1,1,2,2,3,2,0,1,1,"0,3",2,4,2,3,4,4,4,3,"1,4,6",0
32,0,Female,From 30 to 39,Employed,"RM25,000 - RM50,000",1,2,2,1,3,2,0,1,1,"0,3",2,3,2,4,4,4,3,3,"1,4",0
32,1,Female,From 30 to 39,Employed,"RM25,000 - RM50,000",1,2,2,1,3,2,0,1,1,"0,3",2,4,3,4,4,4,4,4,"1,4,6",0
32,2,Female,From 30 to 39,Employed,"RM25,000 - RM50,000",1,2,2,1,3,2,0,1,1,"0,3",2,3,2,4,4,4,4,3,"1,4,6",0
32,3,Female,From 30 to 39,Employed,"RM25,000 - RM50,000",1,2,2,1,3,2,0,1,1,"0,3",2,4,2,4,4,4,4,3,"1,4,6",0
32,4,Female,From 30 to 39,Employed,"RM25,000 - RM50,000",1,2,2,1,3,2,0,1,1,"0,3",2,3,2,4,4,4,3,3,"1,4,6",0
33,0,Female,From 20 to 29,Employed,"RM25,000 - RM50,000",1,1,2,1,3,2,0,1,1,"0,3",2,4,2,4,4,4,4,3,"1,4,6",0
33,1,Female,From 20 to 29,Employed,"RM25,000 - RM50,000",1,1,2,1,3,2,0,1,1,"0,3",2,3,2,4,4,4,3,3,"1,4,6",0
33,2,Female,From 20 to 29,Employed,"RM25,000 - RM50,000",1,1,2,1,3,2,0,1,1,"0,3",2,4,2,4,4,4,4,3,"1,4",0
33,3,Female,From 20 to 29,Employed,"RM25,000 - RM50,000",1,1,2,1,3,2,0,1,1,"0,3",2,4,2,4,4,4,4,3,"1,4,6",0
33,4,Female,From 20 to 29,Employed,"RM25,000 - RM50,000",1,1,2,1,3,2,0,1,1,"0,3",2,3,2,4,4,4,4,3,"1,4,6",0
34,0,Female,From 20 to 29,Employed,"RM25,000 - RM50,000",1,1,2,1,3,2,0,1,1,"0,3",2,3,2,4,4,4,4,3,"1,4",0
34,1,Female,From 20 to 29,Employed,"RM25,000 - RM50,000",1,1,2,1,3,2,0,1,1,"0,3",2,4,2,4,4,4,4,3,"1,4,6",0
34,2,Female,From 20 to 29,Employed,"RM25,000 - RM50,000",1,1,2,1,3,2,0,1,1,"0,3",2,3,2,4,4,4,3,3,"1,4,6",0
34,3,Female,From 20 to 29,Employed,"RM25,000 - RM50,000",1,1,2,1,3,2,0,1,1,"0,3",2,4,2,4,4,4,4,3,"1,4,6",0
34,4,Female,From 20 to 29,Employed,"RM25,000 - RM50,000",1,1,2,1,3,2,0,1,1,"0,3",2,4,3,4,4,4,4,4,"1,4,6",0
35,0,Female,From 20 to 29,Student,"Less than RM25,000",1,1,0,0,3,2,0,1,1,"0,3",1,3,2,4,3,3,3,2,"1,4,6",1
35,1,Female,From 20 to 29,Student,"Less than RM25,000",1,1,0,0,3,2,0,1,1,"0,3",1,3,2,4,3,4,3,2,"1,4,6",1
35,2,Female,From 20 to 29,Student,"Less than RM25,000",1,1,0,0,3,2,0,1,1,"0,3",1,3,2,4,3,4,3,2,"1,4,6",1
35,3,Female,From 20 to 29,Student,"Less than RM25,000",1,1,0,0,3,2,0,1,1,"0,3",2,3,2,4,4,4,4,3,"1,4,6",1
35,4,Female,From 20 to 29,Student,"Less than RM25,000",1,1,0,0,3,2,0,1,1,"0,3",1,3,2,4,3,4,3,2,"1,4,6",0
36,0,Female,From 20 to 29,Self-employed,"Less than RM25,000",1,1,1,0,3,2,0,1,1,"0,3",1,3,2,4,3,3,3,2,"1,4",1
36,1,Female,From 20 to 29,Self-employed,"Less than RM25,000",1,1,1,0,3,2,0,1,1,"0,3",2,3,2,4,3,4,3,2,"1,4",1
36,2,Female,From 20 to 29,Self-employed,"Less than RM25,000",1,1,1,0,3,2,0,2,1,"0,3",1,3,2,4,3,3,3,2,"1,4,6",1
36,3,Female,From 20 to 29,Self-employed,"Less than RM25,000",1,1,1,0,3,2,0,1,1,"0,3",1,3,2,4,3,3,3,2,"1,4",1
36,4,Female,From 20 to 29,Self-employed,"Less than RM25,000",1,1,1,0,3,2,0,1,1,"0,3",1,3,2,4,3,3,3,2,"1,4",1
37,0,Male,Below 20,Student,"Less than RM25,000",0,0,0,0,3,3,0,2,1,5,0,3,2,4,3,3,3,2,"1,6",1
37,1,Male,Below 20,Student,"Less than RM25,000",0,0,0,0,3,3,0,2,1,5,0,3,2,4,3,3,3,2,8,1
37,2,Male,Below 20,Student,"Less than RM25,000",0,0,0,0,3,3,0,1,1,5,0,3,2,4,3,3,3,2,"6,8",1
37,3,Male,Below 20,Student,"Less than RM25,000",0,0,0,0,3,3,0,2,1,5,0,3,2,4,3,3,3,2,"6,8",1
37,4,Male,Below 20,Student,"Less than RM25,000",0,0,0,0,3,3,0,2,1,5,1,3,2,4,3,3,3,2,"6,8",1
38,0,Male,From 20 to 29,Employed,"Less than RM25,000",0,1,2,0,3,2,0,1,1,"0,3",2,3,2,4,3,4,3,3,"1,4,6",0
38,1,Male,From 20 to 29,Employed,"Less than RM25,000",0,1,2,0,3,2,0,1,1,"0,3",2,3,2,4,3,4,3,2,"1,4,6",0
38,2,Male,From 20 to 29,Employed,"Less than RM25,000",0,1,2,0,3,2,0,1,1,"0,3",1,3,2,4,3,4,3,2,"1,4,6",0
38,3,Male,From 20 to 29,Employed,"Less than RM25,000",0,1,2,0,3,2,0,1,1,"0,3",2,3,2,4,3,4,3,2,"1,4,6",0
38,4,Male,From 20 to 29,Employed,"Less than RM25,000",0,1,2,0,3,2,0,1,1,"0,3",2,3,2,4,3,3,3,2,"1,4,6",0
39,0,Male,From 30 to 39,Employed,"RM50,000 - RM100,000",0,2,2,2,3,2,0,1,1,"0,3",2,3,2,4,4,4,4,3,"1,4",0
39,1,Male,From 30 to 39,Employed,"RM50,000 - RM100,000",0,2,2,2,3,2,0,1,1,"0,3",2,3,2,4,4,4,3,3,"1,4,6",0
39,2,Male,From 30 to 39,Employed,"RM50,000 - RM100,000",0,2,2,2,3,2,0,1,1,"0,3",2,4,2,3,4,4,4,3,"1,4,6",0
39,3,Male,From 30 to 39,Employed,"RM50,000 - RM100,000",0,2,2,2,3,2,0,1,1,"0,3",2,3,2,4,4,4,3,3,"1,4,6",0
39,4,Male,From 30 to 39,Employed,"RM50,000 - RM100,000",0,2,2,2,3,2,0,1,1,"0,3",2,4,2,3,4,4,4,3,"1,4",0
40,0,Female,From 20 to 29,Employed,"RM25,000 - RM50,000",1,1,2,1,3,2,0,1,1,"0,3",2,3,2,4,4,4,3,3,"1,4,6",0
40,1,Female,From 20 to 29,Employed,"RM25,000 - RM50,000",1,1,2,1,3,2,0,1,1,"0,3",2,3,2,4,4,4,3,3,"1,4,6",0
40,2,Female,From 20 to 29,Employed,"RM25,000 - RM50,000",1,1,2,1,3,2,0,1,1,"0,3",2,4,2,4,4,4,4,3,"1,4",0
40,3,Female,From 20 to 29,Employed,"RM25,000 - RM50,000",1,1,2,1,3,2,0,1,1,"0,3",2,4,3,4,4,4,4,3,"1,4,6",0
40,4,Female,From 20 to 29,Employed,"RM25,000 - RM50,000",1,1,2,1,3,2,0,1,1,"0,3",2,4,2,4,4,4,4,3,"1,4,6",0
41,0,Male,From 20 to 29,Employed,"Less than RM25,000",0,1,2,0,3,2,0,1,1,"0,3",2,3,2,4,3,4,3,3,"1,4,6",0
41,1,Male,From 20 to 29,Employed,"Less than RM25,000",0,1,2,0,3,2,0,1,1,"0,3",2,3,2,4,3,4,3,2,"1,4,6",0
41,2,Male,From 20 to 29,Employed,"Less than RM25,000",0,1,2,0,3,2,0,1,1,"0,3",2,3,2,4,3,4,3,3,"1,4,6",0
41,3,Male,From 20 to 29,Employed,"Less than RM25,000",0,1,2,0,3,2,0,1,1,"0,3",1,3,2,4,3,4,3,2,"1,4,6",0
41,4,Male,From 20 to 29,Employed,"Less than RM25,000",0,1,2,0,3,2,0,1,1,"0,3",2,3,2,4,3,4,3,3,"1,4,6",0
42,0,Female,From 20 to 29,Employed,"RM25,000 - RM50,000",1,1,2,1,3,2,0,1,1,"0,3",2,4,2,4,4,4,4,3,"1,4,6",0
42,1,Female,From 20 to 29,Employed,"RM25,000 - RM50,000",1,1,2,1,3,2,0,1,1,"0,3",2,4,2,4,4,4,4,3,"1,4,6",0
42,2,Female,From 20 to 29,Employed,"RM25,000 - RM50,000",1,1,2,1,3,2,0,1,1,"0,3",2,3,2,4,4,4,3,3,"1,4,6",0
42,3,Female,From 20 to 29,Employed,"RM25,000 - RM50,000",1,1,2,1,3,2,0,1,1,"0,3",2,4,2,4,4,4,4,3,"1,4",0
42,4,Female,From 20 to 29,Employed,"RM25,000 - RM50,000",1,1,2,1,3,2,0,1,1,"0,3",2,3,2,4,4,4,3,3,"1,4,6",0
43,0,Female,From 20 to 29,Employed,"Less than RM25,000",1,1,2,0,3,2,0,1,1,"0,3",1,3,2,4,3,4,3,3,"1,4,6",1
43,1,Female,From 20 to 29,Employed,"Less than RM25,000",1,1,2,0,3,2,0,1,1,"0,3",1,3,2,4,3,4,3,2,"1,4,6",1
43,2,Female,From 20 to 29,Employed,"Less than RM25,000",1,1,2,0,3,2,0,1,1,"0,3",1,3,2,4,3,3,3,2,"1,4",1
43,3,Female,From 20 to 29,Employed,"Less than RM25,000",1,1,2,0,3,2,0,1,1,"0,3",2,3,2,4,3,4,3,3,"1,4,6",1
43,4,Female,From 20 to 29,Employed,"Less than RM25,000",1,1,2,0,3,2,0,1,1,"0,3",2,3,2,4,4,4,3,3,"1,4,6",0
44,0,Female,Below 20,Student,"Less than RM25,000",1,0,0,0,3,2,0,1,1,"0,3",1,3,2,4,3,4,3,2,"1,6",1
44,1,Female,Below 20,Student,"Less than RM25,000",1,0,0,0,3,2,0,1,1,"0,3",1,3,2,4,3,3,3,2,"1,4,6",1
44,2,Female,Below 20,Student,"Less than RM25,000",1,0,0,0,3,2,0,2,1,"0,3",1,3,2,4,3,4,3,2,"1,4,6",0
44,3,Female,Below 20,Student,"Less than RM25,000",1,0,0,0,3,2,0,1,1,"0,3",2,3,2,4,4,4,3,3,"1,4,6",1
44,4,Female,Below 20,Student,"Less than RM25,000",1,0,0,0,3,3,0,1,1,5,1,3,2,4,3,3,3,2,"1,6",1
45,0,Female,From 30 to 39,Student,"RM50,000 - RM100,000",1,2,0,2,3,2,0,1,1,"0,3",2,3,2,4,4,4,4,3,"1,4,6",0
45,1,Female,From 30 to 39,Student,"RM50,000 - RM100,000",1,2,0,2,3,2,0,1,1,"0,3",2,4,2,4,4,4,4,3,"1,4",0
45,2,Female,From 30 to 39,Student,"RM50,000 - RM100,000",1,2,0,2,3,2,1,1,1,"0,3",2,4,2,4,4,4,4,3,"1,4",0
45,3,Female,From 30 to 39,Student,"RM50,000 - RM100,000",1,2,0,2,3,2,0,1,1,"0,3",2,3,2,4,4,4,3,3,"1,4,6",0
45,4,Female,From 30 to 39,Student,"RM50,000 - RM100,000",1,2,0,2,3,2,0,1,1,"0,3",2,4,3,4,4,4,4,4,"1,4,6",0
46,0,Female,Below 20,Student,"Less than RM25,000",1,0,0,0,3,3,0,2,1,5,1,3,2,4,3,3,3,2,"1,6",1
46,1,Female,Below 20,Student,"Less than RM25,000",1,0,0,0,3,2,0,1,1,"0,3",2,3,2,4,3,4,3,2,"1,4,6",1
46,2,Female,Below 20,Student,"Less than RM25,000",1,0,0,0,3,3,0,2,1,5,0,3,2,4,3,3,3,2,"6,8",1
46,3,Female,Below 20,Student,"Less than RM25,000",1,0,0,0,3,2,0,1,1,"0,3",2,3,2,4,3,4,3,3,"1,4,6",0
46,4,Female,Below 20,Student,"Less than RM25,000",1,0,0,0,3,3,0,2,1,5,1,3,2,4,3,3,3,2,"1,6",1
47,0,Female,From 20 to 29,Self-employed,"Less than RM25,000",1,1,1,0,3,2,0,1,1,"0,3",2,3,2,4,3,4,3,2,"1,4,6",1
47,1,Female,From 20 to 29,Self-employed,"Less than RM25,000",1,1,1,0,3,2,0,1,1,"0,3",1,3,2,4,3,3,3,2,"1,4",1
47,2,Female,From 20 to 29,Self-employed,"Less than RM25,000",1,1,1,0,3,2,0,1,1,"0,3",2,3,2,4,3,4,3,3,"1,4,6",1
47,3,Female,From 20 to 29,Self-employed,"Less than RM25,000",1,1,1,0,3,2,0,1,1,"0,3",2,3,2,4,3,3,3,2,"1,4,6",1
47,4,Female,From 20 to 29,Self-employed,"Less than RM25,000",1,1,1,0,3,2,0,1,1,"0,3",1,3,2,4,3,3,3,2,"1,4,6",1
48,0,Female,From 20 to 29,Employed,"RM25,000 - RM50,000",1,1,2,1,3,2,0,1,1,"0,3",2,4,2,4,4,4,4,3,"1,4",0
48,1,Female,From 20 to 29,Employed,"RM25,000 - RM50,000",1,1,2,1,3,2,0,1,1,"0,3",2,4,3,4,4,4,4,4,"1,4,6",0
48,2,Female,From 20 to 29,Employed,"RM25,000 - RM50,000",1,1,2,1,3,2,0,1,1,"0,3",2,4,2,4,4,4,4,3,"1,4,6",0
48,3,Female,From 20 to 29,Employed,"RM25,000 - RM50,000",1,1,2,1,3,2,0,1,1,"0,3",2,4,2,4,4,4,4,3,"1,4,6",0
48,4,Female,From 20 to 29,Employed,"RM25,000 - RM50,000",1,1,2,1,3,2,0,1,1,"0,3",2,4,2,4,4,4,4,3,"1,4",0
49,0,Male,Below 20,Student,"Less than RM25,000",0,0,0,0,3,3,0,2,1,5,0,3,2,4,3,3,3,2,"6,8",1
49,1,Male,Below 20,Student,"Less than RM25,000",0,0,0,0,3,3,0,2,1,5,0,3,2,4,3,3,3,2,8,1
49,2,Male,Below 20,Student,"Less than RM25,000",0,0,0,0,3,3,0,2,1,5,0,3,2,4,3,3,3,2,8,1
49,3,Male,Below 20,Student,"Less than RM25,000",0,0,0,0,3,3,0,2,1,5,0,3,2,4,3,3,3,2,"6,8",1
49,4,Male,Below 20,Student,"Less than RM25,000",0,0,0,0,3,3,0,2,1,5,0,3,2,4,3,3,3,2,8,1
50,0,Male,40 and above,Employed,"RM100,000 - RM150,000",0,3,2,3,3,2,0,1,1,"0,3",2,4,3,4,4,4,4,4,"1,4,6",0
50,1,Male,40 and above,Employed,"RM100,000 - RM150,000",0,3,2,3,3,2,0,1,1,"0,3",2,3,2,3,4,4,4,3,"1,4,6",0
50,2,Male,40 and above,Employed,"RM100,000 - RM150,000",0,3,2,3,3,2,0,1,1,"0,3",2,4,2,3,4,4,4,3,"1,4,6",0
50,3,Male,40 and above,Employed,"RM100,000 - RM150,000",0,3,2,3,3,2,0,1,1,"0,3",2,4,2,3,4,4,4,3,"1,4",0
50,4,Male,40 and above,Employed,"RM100,000 - RM150,000",0,3,2,3,3,2,0,1,1,"0,3",2,4,2,3,4,4,4,3,"1,4,6",0
51,0,Female,Below 20,Student,"Less than RM25,000",1,0,0,0,3,2,0,1,1,"0,3",1,3,2,4,3,3,3,2,"1,4,6",0
51,1,Female,Below 20,Student,"Less than RM25,000",1,0,0,0,3,2,0,1,1,"0,3",1,3,2,4,3,4,3,2,"1,4",1
51,2,Female,Below 20,Student,"Less than RM25,000",1,0,0,0,3,2,0,1,1,"0,3",2,3,2,4,3,4,3,3,"1,4,6",1
51,3,Female,Below 20,Student,"Less than RM25,000",1,0,0,0,3,2,0,2,1,"0,3",1,3,2,4,3,3,3,2,"1,4,6",1
51,4,Female,Below 20,Student,"Less than RM25,000",1,0,0,0,3,2,0,2,1,"0,3",2,3,2,4,4,4,4,3,"1,4,6",1
52,0,Female,40 and above,Housewife,"Less than RM25,000",1,3,3,0,4,3,0,2,1,5,0,3,2,4,3,3,3,2,8,1
52,1,Female,40 and above,Housewife,"Less than RM25,000",1,3,3,0,4,3,3,2,1,5,0,3,2,4,3,3,3,2,8,1
52,2,Female,40 and above,Housewife,"Less than RM25,000",1,3,3,0,4,3,0,2,1,5,0,3,2,4,3,3,3,2,8,1
52,3,Female,40 and above,Housewife,"Less than RM25,000",1,3,3,0,4,3,0,2,1,5,0,3,2,4,3,3,3,2,8,1
52,4,Female,40 and above,Housewife,"Less than RM25,000",1,3,3,0,4,3,0,2,1,5,0,2,1,4,2,1,2,1,8,1
53,0,Female,Below 20,Student,"Less than RM25,000",1,0,0,0,3,2,0,1,1,"0,3",1,3,2,4,4,4,4,3,"1,4",1
53,1,Female,Below 20,Student,"Less than RM25,000",1,0,0,0,3,2,0,1,1,"0,3",2,3,2,4,4,4,3,3,"1,4,6",1
53,2,Female,Below 20,Student,"Less than RM25,000",1,0,0,0,3,2,0,1,1,"0,3",1,3,2,4,4,4,4,3,"1,6",1
53,3,Female,Below 20,Student,"Less than RM25,000",1,0,0,0,3,2,0,1,1,"0,3",1,3,2,4,4,4,4,3,"1,4,6",1
53,4,Female,Below 20,Student,"Less than RM25,000",1,0,0,0,3,3,0,2,1,5,0,3,2,4,3,3,3,2,"6,8",1
54,0,Female,From 20 to 29,Employed,"RM25,000 - RM50,000",1,1,2,1,3,2,0,1,1,"0,3",2,4,2,4,4,4,4,3,"1,4,6",0
54,1,Female,From 20 to 29,Employed,"RM25,000 - RM50,000",1,1,2,1,3,2,0,1,1,"0,3",2,4,2,4,4,4,4,3,"1,4,6",0
54,2,Female,From 20 to 29,Employed,"RM25,000 - RM50,000",1,1,2,1,3,2,0,1,1,"0,3",2,4,2,4,4,4,4,3,"1,4,6",0
54,3,Female,From 20 to 29,Employed,"RM25,000 - RM50,000",1,1,2,1,3,2,0,1,1,"0,3",2,3,2,4,4,4,3,3,"1,4,6",0
54,4,Female,From 20 to 29,Employed,"RM25,000 - RM50,000",1,1,2,1,3,2,0,1,1,"0,3",2,4,2,4,4,4,4,3,"1,4,6",0
55,0,Female,From 20 to 29,Employed,"RM25,000 - RM50,000",1,1,2,1,3,2,0,1,1,"0,3",2,4,2,4,4,4,4,3,"1,4,6",0
55,1,Female,From 20 to 29,Employed,"RM25,000 - RM50,000",1,1,2,1,3,2,0,1,1,"0,3",2,4,2,4,4,4,4,3,"1,4,6",0
55,2,Female,From 20 to 29,Employed,"RM25,000 - RM50,000",1,1,2,1,3,2,0,1,1,"0,3",2,4,2,4,4,4,4,3,"1,4,6",1
55,3,Female,From 20 to 29,Employed,"RM25,000 - RM50,000",1,1,2,1,3,2,0,1,1,"0,3",2,4,2,4,4,4,4,3,"1,4,6",0
55,4,Female,From 20 to 29,Employed,"RM25,000 - RM50,000",1,1,2,1,3,2,0,1,1,"0,3",2,4,2,4,4,4,4,3,"1,4,6",0
56,0,Female,From 20 to 29,Employed,"Less than RM25,000",1,1,2,0,3,2,0,1,1,"0,3",2,3,2,4,3,4,3,2,"1,4,6",1
56,1,Female,From 20 to 29,Employed,"Less than RM25,000",1,1,2,0,3,2,0,1,1,"0,3",2,3,2,4,4,4,4,3,"1,4,6",1
56,2,Female,From 20 to 29,Employed,"Less than RM25,000",1,1,2,0,3,2,0,1,1,"0,3",2,3,2,4,3,4,3,3,"1,4,6",1
56,3,Female,From 20 to 29,Employed,"Less than RM25,000",1,1,2,0,3,2,0,1,1,"0,3",1,3,2,4,3,3,3,2,"1,4",1
56,4,Female,From 20 to 29,Employed,"Less than RM25,000",1,1,2,0,3,2,0,1,1,"0,3",2,3,2,4,3,3,3,2,"1,4,6",0
57,0,Male,Below 20,Student,"Less than RM25,000",0,0,0,0,3,3,0,2,1,5,1,3,2,4,3,3,3,2,"1,4,6",1
57,1,Male,Below 20,Student,"Less than RM25,000",0,0,0,0,3,3,0,2,1,5,0,3,2,4,3,3,3,2,8,1
57,2,Male,Below 20,Student,"Less than RM25,000",0,0,0,0,3,3,0,2,1,5,0,3,2,4,3,3,3,2,"6,8",1
57,3,Male,Below 20,Student,"Less than RM25,000",0,0,0,0,3,3,0,2,1,5,0,3,2,4,3,3,3,2,8,1
57,4,Male,Below 20,Student,"Less than RM25,000",0,0,0,0,3,3,0,2,1,5,0,3,2,4,3,3,3,2,"6,8",1
58,0,Male,Below 20,Student,"Less than RM25,000",0,0,0,0,3,3,0,2,1,5,0,3,2,4,3,3,3,2,"6,8",1
58,1,Male,Below 20,Student,"Less than RM25,000",0,0,0,0,3,3,0,2,1,5,0,3,2,4,3,3,3,2,"6,8",1
58,2,Male,Below 20,Student,"Less than RM25,000",0,0,0,0,3,3,0,2,1,5,0,3,2,4,3,3,3,2,"6,8",1
58,3,Male,Below 20,Student,"Less than RM25,000",0,0,0,0,3,3,0,1,1,5,0,3,2,4,3,3,3,2,"6,8",1
58,4,Male,Below 20,Student,"Less than RM25,000",0,0,0,0,3,3,0,1,1,5,0,3,2,4,3,3,3,2,8,1
59,0,Female,From 20 to 29,Student,"Less than RM25,000",1,1,0,0,3,2,0,1,1,"0,3",1,3,2,4,3,3,3,2,"1,4",1
59,1,Female,From 20 to 29,Student,"Less than RM25,000",1,1,0,0,3,2,0,2,1,"0,3",1,3,2,4,3,3,3,2,"1,4,6",1
59,2,Female,From 20 to 29,Student,"Less than RM25,000",1,1,0,0,3,2,0,1,1,"0,3",1,3,2,4,3,4,3,2,"1,4,6",1
59,3,Female,From 20 to 29,Student,"Less than RM25,000",1,1,0,0,3,2,0,1,1,"0,3",1,3,2,4,3,3,3,2,"1,4,6",1
59,4,Female,From 20 to 29,Student,"Less than RM25,000",1,1,0,0,3,2,0,1,1,"0,3",2,3,2,4,4,4,4,3,"1,4,6",1
60,0,Male,From 20 to 29,Student,"Less than RM25,000",0,1,0,0,3,2,0,1,1,"0,3",2,3,2,4,3,4,3,3,"1,4,6",0
60,1,Male,From 20 to 29,Student,"Less than RM25,000",0,1,0,0,3,2,0,1,1,"0,3",2,3,2,4,3,4,3,3,"1,4,6",1
60,2,Male,From 20 to 29,Student,"Less than RM25,000",0,1,0,0,3,2,0,1,1,"0,3",1,3,2,4,3,3,3,2,"1,4,6",1
60,3,Male,From 20 to 29,Student,"Less than RM25,000",0,1,0,0,3,2,0,1,1,"0,3",2,3,2,4,3,4,3,2,"1,4,6",1
60,4,Male,From 20 to 29,Student,"Less than RM25,000",0,1,0,0,3,2,0,1,1,"0,3",1,3,2,4,3,4,3,3,"1,4,6",0
61,0,Female,From 20 to 29,Employed,"Less than RM25,000",1,1,2,0,3,2,0,1,1,"0,3",2,3,2,4,3,4,3,3,"1,4,6",1
61,1,Female,From 20 to 29,Employed,"Less than RM25,000",1,1,2,0,3,2,0,1,1,"0,3",2,3,2,4,3,4,3,3,"1,4,6",0
61,2,Female,From 20 to 29,Employed,"Less than RM25,000",1,1,2,0,3,2,0,1,1,"0,3",1,3,2,4,3,3,3,2,"1,4",1
61,3,Female,From 20 to 29,Employed,"Less than RM25,000",1,1,2,0,3,2,0,1,1,"0,3",2,3,2,4,3,4,3,2,"1,4,6",0
61,4,Female,From 20 to 29,Employed,"Less than RM25,000",1,1,2,0,3,2,0,2,1,"0,3",2,3,2,4,3,3,3,3,"1,4,6",0
62,0,Male,From 30 to 39,Student,"Less than RM25,000",0,2,0,0,3,2,0,1,1,"0,3",1,3,2,4,3,3,3,2,"1,4",1
62,1,Male,From 30 to 39,Student,"Less than RM25,000",0,2,0,0,3,2,0,1,1,"0,3",1,3,2,4,3,3,3,2,"1,4",1
62,2,Male,From 30 to 39,Student,"Less than RM25,000",0,2,0,0,3,2,0,2,1,"0,3",1,3,2,4,3,3,3,2,"1,4",1
62,3,Male,From 30 to 39,Student,"Less than RM25,000",0,2,0,0,3,2,0,2,1,"0,3",1,3,2,4,3,4,3,2,"1,4,6",0
62,4,Male,From 30 to 39,Student,"Less than RM25,000",0,2,0,0,3,2,0,1,1,"0,3",1,3,2,4,3,3,3,2,"1,4",1
63,0,Male,From 20 to 29,Employed,"Less than RM25,000",0,1,2,0,3,2,0,1,1,"0,3",1,3,2,4,3,4,3,3,"1,4,6",0
63,1,Male,From 20 to 29,Employed,"Less than RM25,000",0,1,2,0,3,2,0,1,1,"0,3",2,3,2,4,3,4,3,3,"1,4,6",0
63,2,Male,From 20 to 29,Employed,"Less than RM25,000",0,1,2,0,3,2,0,1,1,"0,3",1,3,2,4,3,4,3,2,"1,4,6",1
63,3,Male,From 20 to 29,Employed,"Less than RM25,000",0,1,2,0,3,2,0,1,1,"0,3",2,3,2,4,3,4,3,2,"1,4,6",1
63,4,Male,From 20 to 29,Employed,"Less than RM25,000",0,1,2,0,3,2,0,1,1,"0,3",2,3,2,4,3,4,3,3,"1,4,6",0
64,0,Female,From 20 to 29,Employed,"Less than RM25,000",1,1,2,0,3,2,0,1,1,"0,3",2,3,2,4,3,3,3,2,"1,4,6",1
64,1,Female,From 20 to 29,Employed,"Less than RM25,000",1,1,2,0,3,2,0,1,1,"0,3",2,3,2,4,3,3,3,3,"1,4,6",1
64,2,Female,From 20 to 29,Employed,"Less than RM25,000",1,1,2,0,3,2,0,1,1,"0,3",2,3,2,4,3,4,3,2,"1,4",1
64,3,Female,From 20 to 29,Employed,"Less than RM25,000",1,1,2,0,3,2,0,1,1,"0,3",1,3,2,4,3,4,3,2,"1,4,6",1
64,4,Female,From 20 to 29,Employed,"Less than RM25,000",1,1,2,0,3,2,0,1,1,"0,3",2,3,2,4,3,4,3,2,"1,4,6",1
65,0,Female,From 20 to 29,Student,"Less than RM25,000",1,1,0,0,3,2,0,1,1,"0,3",2,3,2,4,4,4,4,3,"1,4,6",1
65,1,Female,From 20 to 29,Student,"Less than RM25,000",1,1,0,0,3,2,0,1,1,"0,3",2,3,2,4,4,4,3,3,"1,4,6",1
65,2,Female,From 20 to 29,Student,"Less than RM25,000",1,1,0,0,3,2,0,1,1,"0,3",1,3,2,4,3,4,3,3,"1,4,6",1
65,3,Female,From 20 to 29,Student,"Less than RM25,000",1,1,0,0,3,2,0,1,1,"0,3",1,3,2,4,3,3,3,2,"1,4,6",1
65,4,Female,From 20 to 29,Student,"Less than RM25,000",1,1,0,0,3,2,0,2,1,"0,3",1,3,2,4,3,4,3,2,"1,4,6",1
66,0,Female,From 20 to 29,Self-employed,"RM25,000 - RM50,000",1,1,1,1,3,2,0,1,1,"0,3",2,3,2,4,3,4,3,3,"1,4,6",0
66,1,Female,From 20 to 29,Self-employed,"RM25,000 - RM50,000",1,1,1,1,3,2,0,1,1,"0,3",2,3,2,4,4,4,3,3,"1,4,6",0
66,2,Female,From 20 to 29,Self-employed,"RM25,000 - RM50,000",1,1,1,1,3,2,0,1,1,"0,3",2,3,2,4,4,4,3,3,"1,4",0
66,3,Female,From 20 to 29,Self-employed,"RM25,000 - RM50,000",1,1,1,1,3,2,0,1,1,"0,3",2,3,2,4,4,4,4,3,"1,4,6",0
66,4,Female,From 20 to 29,Self-employed,"RM25,000 - RM50,000",1,1,1,1,3,2,0,1,1,"0,3",2,4,2,3,4,4,4,3,"1,4",0
67,0,Female,From 20 to 29,Self-employed,"Less than RM25,000",1,1,1,0,3,2,0,2,1,"0,3",1,3,2,4,3,3,3,2,"1,4,6",1
67,1,Female,From 20 to 29,Self-employed,"Less than RM25,000",1,1,1,0,3,2,0,1,1,"0,3",1,3,2,4,3,3,3,2,"1,4,6",1
67,2,Female,From 20 to 29,Self-employed,"Less than RM25,000",1,1,1,0,3,2,0,2,1,"0,3",1,3,2,4,3,3,3,2,"1,4,6",1
67,3,Female,From 20 to 29,Self-employed,"Less than RM25,000",1,1,1,0,3,2,0,1,1,"0,3",1,3,2,4,3,3,3,2,"1,4",1
67,4,Female,From 20 to 29,Self-employed,"Less than RM25,000",1,1,1,0,3,2,0,1,1,"0,3",1,3,2,4,3,3,3,2,"1,4",1
68,0,Female,From 20 to 29,Employed,"Less than RM25,000",1,1,2,0,3,2,0,1,1,"0,3",1,3,2,4,3,3,3,2,"1,4",1
68,1,Female,From 20 to 29,Employed,"Less than RM25,000",1,1,2,0,3,2,0,1,1,"0,3",1,3,2,4,3,3,3,2,"1,4",1
68,2,Female,From 20 to 29,Employed,"Less than RM25,000",1,1,2,0,3,2,0,1,1,"0,3",1,3,2,4,3,3,3,2,"1,4",1
68,3,Female,From 20 to 29,Employed,"Less than RM25,000",1,1,2,0,3,2,0,1,1,"0,3",2,3,2,4,4,4,4,3,"1,4,6",1
68,4,Female,From 20 to 29,Employed,"Less than RM25,000",1,1,2,0,3,2,0,1,1,"0,3",2,3,2,4,3,4,3,3,"1,4,6",1
69,0,Female,From 20 to 29,Employed,"RM25,000 - RM50,000",1,1,2,1,3,2,0,1,1,"0,3",2,4,2,4,4,4,4,3,"1,4,6",0
69,1,Female,From 20 to 29,Employed,"RM25,000 - RM50,000",1,1,2,1,3,2,0,1,1,"0,3",2,4,2,4,4,4,4,3,"1,4,6",0
69,2,Female,From 20 to 29,Employed,"RM25,000 - RM50,000",1,1,2,1,3,2,0,1,1,"0,3",2,4,3,4,4,4,4,3,"1,4",0
69,3,Female,From 20 to 29,Employed,"RM25,000 - RM50,000",1,1,2,1,3,2,0,1,1,"0,3",2,3,2,4,4,4,3,3,"1,4,6",0
69,4,Female,From 20 to 29,Employed,"RM25,000 - RM50,000",1,1,2,1,3,2,0,1,1,"0,3",2,3,2,4,4,4,3,3,"1,4,6",0
70,0,Female,From 20 to 29,Employed,"Less than RM25,000",1,1,2,0,3,2,0,1,1,"0,3",2,3,2,4,3,4,3,3,"1,4,6",0
70,1,Female,From 20 to 29,Employed,"Less than RM25,000",1,1,2,0,3,2,0,1,1,"0,3",2,3,2,4,3,3,3,2,"1,4",1
70,2,Female,From 20 to 29,Employed,"Less than RM25,000",1,1,2,0,3,2,0,1,1,"0,3",1,3,2,4,3,3,3,2,"1,4",1
70,3,Female,From 20 to 29,Employed,"Less than RM25,000",1,1,2,0,3,2,0,1,1,"0,3",2,3,2,4,4,4,3,3,"1,4,6",0
70,4,Female,From 20 to 29,Employed,"Less than RM25,000",1,1,2,0,3,2,0,1,1,"0,3",2,3,2,4,3,4,3,3,"1,4,6",1
71,0,Male,From 20 to 29,Employed,"RM25,000 - RM50,000",0,1,2,1,3,2,0,1,1,"0,3",2,3,2,4,4,4,3,3,"1,4,6",0
71,1,Male,From 20 to 29,Employed,"RM25,000 - RM50,000",0,1,2,1,3,2,0,1,1,"0,3",2,3,2,4,4,4,3,3,"1,4,6",0
71,2,Male,From 20 to 29,Employed,"RM25,000 - RM50,000",0,1,2,1,3,2,0,1,1,"0,3",2,3,2,4,4,4,3,3,"1,4,6",0
71,3,Male,From 20 to 29,Employed,"RM25,000 - RM50,000",0,1,2,1,3,2,0,1,1,"0,3",2,3,2,4,4,4,3,3,"1,4,6",0
71,4,Male,From 20 to 29,Employed,"RM25,000 - RM50,000",0,1,2,1,3,2,0,1,1,"0,3",2,3,2,4,4,4,4,3,"1,4,6",0
72,0,Female,From 20 to 29,Employed,"Less than RM25,000",1,1,2,0,3,2,0,1,1,"0,3",2,3,2,4,4,4,3,3,"1,4,6",1
72,1,Female,From 20 to 29,Employed,"Less than RM25,000",1,1,2,0,3,2,0,1,1,"0,3",1,3,2,4,3,3,3,2,"1,4",1
72,2,Female,From 20 to 29,Employed,"Less than RM25,000",1,1,2,0,3,2,0,1,1,"0,3",2,3,2,4,3,4,3,2,"1,4,6",0
72,3,Female,From 20 to 29,Employed,"Less than RM25,000",1,1,2,0,3,2,0,1,1,"0,3",1,3,2,4,3,3,3,2,"1,4",1
72,4,Female,From 20 to 29,Employed,"Less than RM25,000",1,1,2,0,3,2,0,1,1,"0,3",1,3,2,4,3,3,3,2,"1,4",1
73,0,Male,From 30 to 39,Employed,"Less than RM25,000",0,2,2,0,3,2,0,1,1,"0,3",1,3,2,4,3,3,3,2,"1,4,6",1
73,1,Male,From 30 to 39,Employed,"Less than RM25,000",0,2,2,0,3,2,0,1,1,"0,3",2,3,2,4,3,4,3,2,"1,4,6",1
73,2,Male,From 30 to 39,Employed,"Less than RM25,000",0,2,2,0,3,2,0,1,1,"0,3",2,3,2,4,3,4,3,2,"1,4,6",0
73,3,Male,From 30 to 39,Employed,"Less than RM25,000",0,2,2,0,3,2,0,2,1,"0,3",2,3,2,4,3,3,3,2,"1,4",1
73,4,Male,From 30 to 39,Employed,"Less than RM25,000",0,2,2,0,3,2,0,1,1,"0,3",2,3,2,4,3,4,3,2,"1,4,6",1
74,0,Female,From 20 to 29,Housewife,"RM50,000 - RM100,000",1,1,3,2,3,2,0,1,1,"0,3",2,4,3,4,4,4,4,3,"1,4,6",0
74,1,Female,From 20 to 29,Housewife,"RM50,000 - RM100,000",1,1,3,2,3,2,0,1,1,"0,3",2,3,2,4,4,4,4,3,"1,4,6",0
74,2,Female,From 20 to 29,Housewife,"RM50,000 - RM100,000",1,1,3,2,3,2,0,1,1,"0,3",2,4,3,4,4,4,4,3,"1,4,6",0
74,3,Female,From 20 to 29,Housewife,"RM50,000 - RM100,000",1,1,3,2,3,2,0,1,1,"0,3",2,4,3,4,4,4,4,3,"1,4,6",0
74,4,Female,From 20 to 29,Housewife,"RM50,000 - RM100,000",1,1,3,2,3,2,0,1,1,"0,3",2,3,2,4,4,4,4,3,"1,4,6",0
75,0,Male,From 20 to 29,Employed,"RM25,000 - RM50,000",0,1,2,1,3,2,0,1,1,"0,3",2,3,2,4,4,4,4,3,"1,4,6",0
75,1,Male,From 20 to 29,Employed,"RM25,000 - RM50,000",0,1,2,1,3,2,0,1,1,"0,3",2,4,2,4,4,4,4,3,"1,4,6",0
75,2,Male,From 20 to 29,Employed,"RM25,000 - RM50,000",0,1,2,1,3,2,0,1,1,"0,3",2,3,2,4,4,4,4,3,"1,4,6",0
75,3,Male,From 20 to 29,Employed,"RM25,000 - RM50,000",0,1,2,1,3,2,0,1,1,"0,3",2,4,2,4,4,4,4,3,"1,4,6",0
75,4,Male,From 20 to 29,Employed,"RM25,000 - RM50,000",0,1,2,1,3,2,0,1,1,"0,3",2,4,2,4,4,4,4,3,"1,4,6",0
76,0,Male,From 20 to 29,Employed,"Less than RM25,000",0,1,2,0,3,2,0,1,1,"0,3",2,3,2,4,3,4,3,2,"1,4,6",0
76,1,Male,From 20 to 29,Employed,"Less than RM25,000",0,1,2,0,3,2,0,1,1,"0,3",2,3,2,4,3,3,3,2,"1,4,6",0
76,2,Male,From 20 to 29,Employed,"Less than RM25,000",0,1,2,0,3,2,0,1,1,"0,3",2,3,2,4,3,3,3,2,"1,4,6",0
76,3,Male,From 20 to 29,Employed,"Less than RM25,000",0,1,2,0,3,2,0,1,1,"0,3",2,3,2,4,3,4,3,3,"1,4,6",0
76,4,Male,From 20 to 29,Employed,"Less than RM25,000",0,1,2,0,3,2,0,1,1,"0,3",2,3,2,4,3,4,3,3,"1,4,6",1
77,0,Male,From 20 to 29,Employed,"RM50,000 - RM100,000",0,1,2,2,3,2,0,1,1,"0,3",2,4,3,4,4,4,4,4,"1,4,6",0
77,1,Male,From 20 to 29,Employed,"RM50,000 - RM100,000",0,1,2,2,3,2,0,1,1,"0,3",2,4,2,3,4,4,4,3,"1,4,6",0
77,2,Male,From 20 to 29,Employed,"RM50,000 - RM100,000",0,1,2,2,3,2,0,1,1,"0,3",2,4,2,3,4,4,4,3,"1,4,6",0
77,3,Male,From 20 to 29,Employed,"RM50,000 - RM100,000",0,1,2,2,3,2,0,1,1,"0,3",2,4,2,3,4,4,4,3,"1,4,6",0
77,4,Male,From 20 to 29,Employed,"RM50,000 - RM100,000",0,1,2,2,3,2,0,1,1,"0,3",2,4,3,4,4,4,4,4,"1,4,6",0
78,0,Female,From 20 to 29,Student,"Less than RM25,000",1,1,0,0,3,2,0,1,1,"0,3",2,3,2,4,4,4,3,3,"1,4,6",0
78,1,Female,From 20 to 29,Student,"Less than RM25,000",1,1,0,0,3,2,0,1,1,"0,3",1,3,2,4,3,4,3,2,"1,4,6",1
78,2,Female,From 20 to 29,Student,"Less than RM25,000",1,1,0,0,3,2,0,1,1,"0,3",1,3,2,4,3,4,3,2,"1,4,6",1
78,3,Female,From 20 to 29,Student,"Less than RM25,000",1,1,0,0,3,2,0,1,1,"0,3",1,3,2,4,3,3,3,3,"1,4",1
78,4,Female,From 20 to 29,Student,"Less than RM25,000",1,1,0,0,3,2,0,1,1,"0,3",1,3,2,4,3,4,3,3,"1,4,6",1
79,0,Female,Below 20,Student,"Less than RM25,000",1,0,0,0,3,2,0,1,1,"0,3",2,3,2,4,4,4,3,3,"1,4,6",0
79,1,Female,Below 20,Student,"Less than RM25,000",1,0,0,0,3,2,0,1,1,"0,3",2,3,2,4,4,4,3,3,"1,4,6",0
79,2,Female,Below 20,Student,"Less than RM25,000",1,0,0,0,3,2,0,1,1,"0,3",1,3,2,4,3,4,3,3,"1,4,6",0
79,3,Female,Below 20,Student,"Less than RM25,000",1,0,0,0,3,2,0,1,1,"0,3",1,3,2,4,3,4,3,2,"1,4,6",1
79,4,Female,Below 20,Student,"Less than RM25,000",1,0,0,0,3,2,0,1,1,"0,3",2,3,2,4,4,4,3,3,"1,4,6",0
80,0,Female,From 20 to 29,Employed,"RM50,000 - RM100,000",1,1,2,2,3,2,0,1,1,"0,3",2,4,3,4,4,4,4,4,"1,4",0
80,1,Female,From 20 to 29,Employed,"RM50,000 - RM100,000",1,1,2,2,3,2,0,1,1,"0,3",2,4,3,4,4,4,4,4,"1,4,6",0
80,2,Female,From 20 to 29,Employed,"RM50,000 - RM100,000",1,1,2,2,3,2,0,1,1,"0,3",2,4,2,3,4,4,4,3,"1,4",0
80,3,Female,From 20 to 29,Employed,"RM50,000 - RM100,000",1,1,2,2,3,2,0,1,1,"0,3",2,4,3,4,4,4,4,4,"1,4,6",0
80,4,Female,From 20 to 29,Employed,"RM50,000 - RM100,000",1,1,2,2,3,2,0,1,1,"0,3",2,4,3,4,4,4,4,4,"1,4,6",0
81,0,Male,From 20 to 29,Employed,"Less than RM25,000",0,1,2,0,3,2,0,1,1,"0,3",1,3,2,4,3,4,3,2,"1,4,6",0
81,1,Male,From 20 to 29,Employed,"Less than RM25,000",0,1,2,0,3,2,0,1,1,"0,3",2,3,2,4,3,4,3,3,"1,4,6",1
81,2,Male,From 20 to 29,Employed,"Less than RM25,000",0,1,2,0,3,2,0,1,1,"0,3",2,3,2,4,3,3,3,2,"1,4,6",0
81,3,Male,From 20 to 29,Employed,"Less than RM25,000",0,1,2,0,3,2,0,1,1,"0,3",2,3,2,4,4,4,3,3,"1,4,6",0
81,4,Male,From 20 to 29,Employed,"Less than RM25,000",0,1,2,0,3,2,0,1,1,"0,3",2,3,2,4,4,4,3,3,"1,4,6",0
82,0,Male,From 20 to 29,Self-employed,"RM50,000 - RM100,000",0,1,1,2,3,2,0,1,1,"0,3",2,4,2,3,4,4,4,3,"1,4,6",0
82,1,Male,From 20 to 29,Self-employed,"RM50,000 - RM100,000",0,1,1,2,3,2,0,1,1,"0,3",2,4,2,3,4,4,3,3,"1,4,6",0
82,2,Male,From 20 to 29,Self-employed,"RM50,000 - RM100,000",0,1,1,2,3,2,0,1,1,"0,3",2,4,2,3,4,4,4,3,"1,4",0
82,3,Male,From 20 to 29,Self-employed,"RM50,000 - RM100,000",0,1,1,2,3,2,0,1,1,"0,3",2,4,2,3,4,4,4,3,"1,4",0
82,4,Male,From 20 to 29,Self-employed,"RM50,000 - RM100,000",0,1,1,2,3,2,0,1,1,"0,3",2,4,3,4,4,4,4,4,"1,4,6",0
83,0,Male,From 30 to 39,Self-employed,"RM50,000 - RM100,000",0,2,1,2,3,2,0,1,1,"0,3",2,3,2,4,4,4,3,3,"1,4,6",0
83,1,Male,From 30 to 39,Self-employed,"RM50,000 - RM100,000",0,2,1,2,3,2,0,1,1,"0,3",2,3,2,4,4,4,4,3,"1,4",0
83,2,Male,From 30 to 39,Self-employed,"RM50,000 - RM100,000",0,2,1,2,3,2,0,1,1,"0,3",2,4,2,3,4,4,4,3,"1,4,6",0
83,3,Male,From 30 to 39,Self-employed,"RM50,000 - RM100,000",0,2,1,2,3,2,0,1,1,"0,3",2,4,2,3,4,4,4,3,"1,4,6",0
83,4,Male,From 30 to 39,Self-employed,"RM50,000 - RM100,000",0,2,1,2,3,2,0,1,1,"0,3",2,3,2,4,4,4,3,3,"1,4,6",0
84,0,Male,From 20 to 29,Employed,"RM25,000 - RM50,000",0,1,2,1,3,2,0,1,1,"0,3",2,3,2,4,4,4,3,3,"1,4,6",0
84,1,Male,From 20 to 29,Employed,"RM25,000 - RM50,000",0,1,2,1,3,2,0,1,1,"0,3",2,4,2,3,4,4,4,3,"1,4,6",0
84,2,Male,From 20 to 29,Employed,"RM25,000 - RM50,000",0,1,2,1,3,2,0,1,1,"0,3",2,4,2,4,4,4,4,3,"1,4,6",0
84,3,Male,From 20 to 29,Employed,"RM25,000 - RM50,000",0,1,2,1,3,2,0,1,1,"0,3",2,3,2,4,4,4,3,3,"1,4,6",0
84,4,Male,From 20 to 29,Employed,"RM25,000 - RM50,000",0,1,2,1,3,2,0,1,1,"0,3",2,3,2,4,4,4,3,3,"1,4,6",0
85,0,Male,From 30 to 39,Self-employed,"More than RM150,000",0,2,1,4,3,2,0,1,1,"0,3",2,4,2,3,4,4,4,4,"1,4,6",0
85,1,Male,From 30 to 39,Self-employed,"More than RM150,000",0,2,1,4,3,2,0,1,1,"0,3",2,4,3,4,4,4,4,4,"1,4,6",0
85,2,Male,From 30 to 39,Self-employed,"More than RM150,000",0,2,1,4,3,2,0,1,1,"0,3",2,4,3,4,4,4,4,4,"1,4,6",0
85,3,Male,From 30 to 39,Self-employed,"More than RM150,000",0,2,1,4,3,2,0,1,1,"0,3",2,4,3,4,4,4,4,4,"1,4",0
85,4,Male,From 30 to 39,Self-employed,"More than RM150,000",0,2,1,4,3,2,0,1,1,"0,3",2,4,3,4,4,4,4,4,"1,4,6",0
86,0,Male,From 20 to 29,Self-employed,"More than RM150,000",0,1,1,4,3,2,0,1,1,"0,3",2,4,3,4,4,4,4,4,"1,4,6",0
86,1,Male,From 20 to 29,Self-employed,"More than RM150,000",0,1,1,4,3,2,0,1,1,"0,3",2,4,3,4,4,4,4,4,"1,4,6",0
86,2,Male,From 20 to 29,Self-employed,"More than RM150,000",0,1,1,4,3,2,0,1,1,"0,3",2,4,3,4,4,4,4,4,"1,4,6",0
86,3,Male,From 20 to 29,Self-employed,"More than RM150,000",0,1,1,4,3,2,0,1,1,"0,3",2,4,3,4,4,4,4,4,"1,4,6",0
86,4,Male,From 20 to 29,Self-employed,"More than RM150,000",0,1,1,4,3,2,0,1,1,"0,3",2,4,3,4,4,4,4,4,"1,4,6",0
87,0,Female,From 20 to 29,Employed,"Less than RM25,000",1,1,2,0,3,2,0,1,1,"0,3",2,3,2,4,3,4,3,3,"1,4,6",0
87,1,Female,From 20 to 29,Employed,"Less than RM25,000",1,1,2,0,3,2,0,1,1,"0,3",2,3,2,4,3,4,3,2,"1,4,6",1
87,2,Female,From 20 to 29,Employed,"Less than RM25,000",1,1,2,0,3,2,0,1,1,"0,3",1,3,2,4,3,3,3,2,"1,4,6",1
87,3,Female,From 20 to 29,Employed,"Less than RM25,000",1,1,2,0,3,2,0,1,1,"0,3",2,3,2,4,3,4,3,3,"1,4,6",1
87,4,Female,From 20 to 29,Employed,"Less than RM25,000",1,1,2,0,3,2,0,2,1,"0,3",1,3,2,4,3,4,3,2,"1,4,6",1
88,0,Female,From 20 to 29,Employed,"RM25,000 - RM50,000",1,1,2,1,3,2,0,1,1,"0,3",2,4,2,4,4,4,4,3,"1,4,6",0
88,1,Female,From 20 to 29,Employed,"RM25,000 - RM50,000",1,1,2,1,3,2,0,1,1,"0,3",2,4,3,4,4,4,4,4,"1,4,6",0
88,2,Female,From 20 to 29,Employed,"RM25,000 - RM50,000",1,1,2,1,3,2,0,1,1,"0,3",2,4,3,4,4,4,4,4,"1,4,6",0
88,3,Female,From 20 to 29,Employed,"RM25,000 - RM50,000",1,1,2,1,3,2,0,1,1,"0,3",2,3,2,4,4,4,3,3,"1,4,6",0
88,4,Female,From 20 to 29,Employed,"RM25,000 - RM50,000",1,1,2,1,3,2,0,1,1,"0,3",2,4,2,4,4,4,4,3,"1,4,6",0
89,0,Male,From 20 to 29,Self-employed,"RM25,000 - RM50,000",0,1,1,1,3,2,0,1,1,"0,3",2,3,2,4,4,4,3,3,"1,4,6",0
89,1,Male,From 20 to 29,Self-employed,"RM25,000 - RM50,000",0,1,1,1,3,2,0,1,1,"0,3",2,3,2,4,4,4,3,3,"1,4,6",0
89,2,Male,From 20 to 29,Self-employed,"RM25,000 - RM50,000",0,1,1,1,3,2,0,1,1,"0,3",2,3,2,4,4,4,3,3,"1,4,6",0
89,3,Male,From 20 to 29,Self-employed,"RM25,000 - RM50,000",0,1,1,1,3,2,0,1,1,"0,3",2,3,2,4,3,4,3,3,"1,4,6",0
89,4,Male,From 20 to 29,Self-employed,"RM25,000 - RM50,000",0,1,1,1,3,2,0,1,1,"0,3",2,3,2,4,4,4,3,3,"1,4,6",0
90,0,Female,From 30 to 39,Employed,"RM50,000 - RM100,000",1,2,2,2,3,2,0,1,1,"0,3",2,4,2,3,4,4,4,3,"1,4",0
90,1,Female,From 30 to 39,Employed,"RM50,000 - RM100,000",1,2,2,2,3,2,0,1,1,"0,3",2,4,3,4,4,4,4,4,"1,4",0
90,2,Female,From 30 to 39,Employed,"RM50,000 - RM100,000",1,2,2,2,3,2,0,1,1,"0,3",2,4,3,4,4,4,4,4,"1,4",0
90,3,Female,From 30 to 39,Employed,"RM50,000 - RM100,000",1,2,2,2,3,2,0,1,1,"0,3",2,4,3,4,4,4,4,4,"1,4",0
90,4,Female,From 30 to 39,Employed,"RM50,000 - RM100,000",1,2,2,2,3,2,0,1,1,"0,3",2,4,3,4,4,4,4,4,"1,4",0
91,0,Female,From 30 to 39,Employed,"RM25,000 - RM50,000",1,2,2,1,3,2,0,1,1,"0,3",2,3,2,4,4,4,3,3,"1,4,6",0
91,1,Female,From 30 to 39,Employed,"RM25,000 - RM50,000",1,2,2,1,3,2,0,1,1,"0,3",2,4,2,4,4,4,4,3,"1,4,6",0
91,2,Female,From 30 to 39,Employed,"RM25,000 - RM50,000",1,2,2,1,3,2,0,1,1,"0,3",2,4,2,4,4,4,4,3,"1,4,6",0
91,3,Female,From 30 to 39,Employed,"RM25,000 - RM50,000",1,2,2,1,3,2,0,1,1,"0,3",2,3,2,4,4,4,4,3,"1,4,6",0
91,4,Female,From 30 to 39,Employed,"RM25,000 - RM50,000",1,2,2,1,3,2,0,1,1,"0,3",2,4,2,4,4,4,4,3,"1,4,6",0
92,0,Female,From 20 to 29,Employed,"RM25,000 - RM50,000",1,1,2,1,3,2,0,1,1,"0,3",2,4,2,4,4,4,4,3,"1,4,6",0
92,1,Female,From 20 to 29,Employed,"RM25,000 - RM50,000",1,1,2,1,3,2,0,1,1,"0,3",2,4,2,4,4,4,4,3,"1,4,6",0
92,2,Female,From 20 to 29,Employed,"RM25,000 - RM50,000",1,1,2,1,3,2,0,1,1,"0,3",2,4,2,4,4,4,4,3,"1,4,6",0
92,3,Female,From 20 to 29,Employed,"RM25,000 - RM50,000",1,1,2,1,3,2,0,1,1,"0,3",2,4,2,4,4,4,4,3,"1,4",0
92,4,Female,From 20 to 29,Employed,"RM25,000 - RM50,000",1,1,2,1,3,2,0,1,1,"0,3",2,4,2,4,4,4,4,3,"1,4,6",0
93,0,Female,From 20 to 29,Employed,"Less than RM25,000",1,1,2,0,3,2,0,1,1,"0,3",2,3,2,4,3,4,3,3,"1,4",1
93,1,Female,From 20 to 29,Employed,"Less than RM25,000",1,1,2,0,3,2,0,1,1,"0,3",2,3,2,4,3,4,3,3,"1,4,6",0
93,2,Female,From 20 to 29,Employed,"Less than RM25,000",1,1,2,0,3,2,0,1,1,"0,3",1,3,2,4,3,3,3,2,"1,4,6",1
93,3,Female,From 20 to 29,Employed,"Less than RM25,000",1,1,2,0,3,2,0,1,1,"0,3",2,3,2,4,3,4,3,3,"1,4,6",0
93,4,Female,From 20 to 29,Employed,"Less than RM25,000",1,1,2,0,3,2,0,1,1,"0,3",2,3,2,4,4,4,4,3,"1,4,6",1
94,0,Male,From 20 to 29,Employed,"RM50,000 - RM100,000",0,1,2,2,3,2,0,1,1,"0,3",2,4,2,4,4,4,4,4,"1,4",0
94,1,Male,From 20 to 29,Employed,"RM50,000 - RM100,000",0,1,2,2,3,2,0,1,1,"0,3",2,4,2,3,4,4,4,3,"1,4,6",0
94,2,Male,From 20 to 29,Employed,"RM50,000 - RM100,000",0,1,2,2,3,2,0,1,1,"0,3",2,4,3,4,4,4,4,4,"1,4,6",0
94,3,Male,From 20 to 29,Employed,"RM50,000 - RM100,000",0,1,2,2,3,2,0,1,1,"0,3",2,4,2,3,4,4,4,3,"1,4,6",0
94,4,Male,From 20 to 29,Employed,"RM50,000 - RM100,000",0,1,2,2,3,2,0,1,1,"0,3",2,4,2,3,4,4,4,3,"1,4,6",0
95,0,Female,From 20 to 29,Employed,"RM25,000 - RM50,000",1,1,2,1,3,2,0,1,1,"0,3",2,3,2,4,4,4,3,3,"1,4,6",0
95,1,Female,From 20 to 29,Employed,"RM25,000 - RM50,000",1,1,2,1,3,2,0,1,1,"0,3",2,4,2,3,4,4,4,3,"1,4,6",0
95,2,Female,From 20 to 29,Employed,"RM25,000 - RM50,000",1,1,2,1,3,2,0,1,1,"0,3",2,4,2,4,4,4,4,3,"1,4",0
95,3,Female,From 20 to 29,Employed,"RM25,000 - RM50,000",1,1,2,1,3,2,0,1,1,"0,3",2,4,2,4,4,4,4,3,"1,4,6",0
95,4,Female,From 20 to 29,Employed,"RM25,000 - RM50,000",1,1,2,1,3,2,0,1,1,"0,3",2,3,2,4,4,4,4,3,"1,4,6",0
96,0,Female,From 20 to 29,Self-employed,"Less than RM25,000",1,1,1,0,3,2,0,1,1,"0,3",1,3,2,4,3,3,3,2,"1,4",1
96,1,Female,From 20 to 29,Self-employed,"Less than RM25,000",1,1,1,0,3,2,0,1,1,"0,3",1,3,2,4,3,3,3,2,"1,4,6",1
96,2,Female,From 20 to 29,Self-employed,"Less than RM25,000",1,1,1,0,3,2,0,1,1,"0,3",1,3,2,4,3,3,3,2,"1,4,6",1
96,3,Female,From 20 to 29,Self-employed,"Less than RM25,000",1,1,1,0,3,2,0,1,1,"0,3",1,3,2,4,3,3,3,2,"1,4,6",0
96,4,Female,From 20 to 29,Self-employed,"Less than RM25,000",1,1,1,0,3,2,0,1,1,"0,3",1,3,2,4,3,3,3,2,"1,4",1
97,0,Female,From 30 to 39,Employed,"Less than RM25,000",1,2,2,0,3,2,0,1,1,"0,3",1,3,2,4,3,4,3,2,"1,4",0
97,1,Female,From 30 to 39,Employed,"Less than RM25,000",1,2,2,0,3,2,0,1,1,"0,3",1,3,2,4,3,3,3,2,"1,4",1
97,2,Female,From 30 to 39,Employed,"Less than RM25,000",1,2,2,0,3,2,0,1,1,"0,3",1,3,2,4,3,3,3,2,"1,4,6",0
97,3,Female,From 30 to 39,Employed,"Less than RM25,000",1,2,2,0,3,2,0,1,1,"0,3",2,3,2,4,3,4,3,3,"1,4,6",0
97,4,Female,From 30 to 39,Employed,"Less than RM25,000",1,2,2,0,3,2,0,1,1,"0,3",1,3,2,4,3,3,3,2,"1,4,6",1
98,0,Female,From 20 to 29,Employed,"RM25,000 - RM50,000",1,1,2,1,3,2,0,1,1,"0,3",2,4,2,4,4,4,4,3,"1,4",0
98,1,Female,From 20 to 29,Employed,"RM25,000 - RM50,000",1,1,2,1,3,2,0,1,1,"0,3",2,3,2,4,4,4,3,3,"1,4,6",0
98,2,Female,From 20 to 29,Employed,"RM25,000 - RM50,000",1,1,2,1,3,2,0,1,1,"0,3",2,3,2,4,4,4,3,3,"1,4,6",0
98,3,Female,From 20 to 29,Employed,"RM25,000 - RM50,000",1,1,2,1,3,2,0,1,1,"0,3",2,3,2,4,4,4,3,3,"1,4,6",0
98,4,Female,From 20 to 29,Employed,"RM25,000 - RM50,000",1,1,2,1,3,2,0,1,1,"0,3",2,4,3,4,4,4,4,4,"1,4,6",0
99,0,Male,From 30 to 39,Employed,"Less than RM25,000",0,2,2,0,3,2,0,1,1,"0,3",1,3,2,4,3,4,3,2,"1,4,6",1
99,1,Male,From 30 to 39,Employed,"Less than RM25,000",0,2,2,0,3,2,0,1,1,"0,3",1,3,2,4,3,3,3,2,"1,4,6",1
99,2,Male,From 30 to 39,Employed,"Less than RM25,000",0,2,2,0,3,2,0,1,1,"0,3",1,3,2,4,3,3,3,2,"1,4,6",1
99,3,Male,From 30 to 39,Employed,"Less than RM25,000",0,2,2,0,3,2,0,1,1,"0,3",1,3,2,4,3,3,3,2,"1,4,6",0
99,4,Male,From 30 to 39,Employed,"Less than RM25,000",0,2,2,0,3,2,0,1,1,"0,3",1,3,2,4,3,3,3,2,"1,4,6",1
100,0,Male,From 20 to 29,Student,"Less than RM25,000",0,1,0,0,3,2,0,1,1,"0,3",1,3,2,4,3,4,3,3,"1,4,6",1
100,1,Male,From 20 to 29,Student,"Less than RM25,000",0,1,0,0,3,2,0,1,1,"0,3",2,3,2,4,3,4,3,3,"1,4,6",1
100,2,Male,From 20 to 29,Student,"Less than RM25,000",0,1,0,0,3,2,0,1,1,"0,3",2,3,2,4,3,4,3,3,"1,4,6",0
100,3,Male,From 20 to 29,Student,"Less than RM25,000",0,1,0,0,3,2,0,1,1,"0,3",2,3,2,4,3,4,3,3,"1,4,6",1
100,4,Male,From 20 to 29,Student,"Less than RM25,000",0,1,0,0,3,2,0,1,1,"0,3",1,3,2,4,4,4,4,3,"1,4,6",1
101,0,Male,From 20 to 29,Student,"Less than RM25,000",0,1,0,0,3,2,0,1,1,"0,3",2,3,2,4,4,4,3,3,"1,4,6",1
101,1,Male,From 20 to 29,Student,"Less than RM25,000",0,1,0,0,3,2,0,1,1,"0,3",1,3,2,4,3,4,3,3,"1,4,6",1
101,2,Male,From 20 to 29,Student,"Less than RM25,000",0,1,0,0,3,2,0,1,1,"0,3",2,3,2,4,4,4,3,3,"1,4,6",1
101,3,Male,From 20 to 29,Student,"Less than RM25,000",0,1,0,0,3,2,0,1,1,"0,3",1,3,2,4,3,4,3,2,"1,4,6",1
101,4,Male,From 20 to 29,Student,"Less than RM25,000",0,1,0,0,3,3,0,1,1,5,0,3,2,4,3,3,3,2,"1,4,6",1
102,0,Male,From 20 to 29,Self-employed,"RM50,000 - RM100,000",0,1,1,2,3,2,0,1,1,"0,3",2,4,2,3,4,4,4,3,"1,4,6",0
102,1,Male,From 20 to 29,Self-employed,"RM50,000 - RM100,000",0,1,1,2,3,2,0,1,1,"0,3",2,3,2,4,4,4,3,3,"1,4,6",0
102,2,Male,From 20 to 29,Self-employed,"RM50,000 - RM100,000",0,1,1,2,3,2,0,1,1,"0,3",2,4,2,3,4,4,4,3,"1,4,6",0
102,3,Male,From 20 to 29,Self-employed,"RM50,000 - RM100,000",0,1,1,2,3,2,0,1,1,"0,3",2,4,2,3,4,4,4,3,"1,4,6",0
102,4,Male,From 20 to 29,Self-employed,"RM50,000 - RM100,000",0,1,1,2,3,2,0,1,1,"0,3",2,3,2,4,4,4,3,3,"1,4,6",0
103,0,Male,From 30 to 39,Employed,"RM25,000 - RM50,000",0,2,2,1,3,2,0,1,1,"0,3",2,3,2,4,4,4,3,3,"1,4,6",0
103,1,Male,From 30 to 39,Employed,"RM25,000 - RM50,000",0,2,2,1,3,2,0,1,1,"0,3",2,3,2,4,3,4,3,3,"1,4",0
103,2,Male,From 30 to 39,Employed,"RM25,000 - RM50,000",0,2,2,1,3,2,0,1,1,"0,3",2,3,2,4,4,4,3,3,"1,4,6",0
103,3,Male,From 30 to 39,Employed,"RM25,000 - RM50,000",0,2,2,1,3,2,0,1,1,"0,3",2,3,2,4,4,4,3,3,"1,4,6",0
103,4,Male,From 30 to 39,Employed,"RM25,000 - RM50,000",0,2,2,1,3,2,0,1,1,"0,3",2,3,2,4,4,4,3,3,"1,4,6",0
104,0,Male,Below 20,Student,"Less than RM25,000",0,0,0,0,3,3,0,2,1,5,0,3,2,4,3,3,3,2,"6,8",1
104,1,Male,Below 20,Student,"Less than RM25,000",0,0,0,0,3,3,0,2,1,5,0,3,2,4,3,3,3,2,"6,8",1
104,2,Male,Below 20,Student,"Less than RM25,000",0,0,0,0,3,3,0,2,1,5,0,3,2,4,3,3,3,2,"6,8",1
104,3,Male,Below 20,Student,"Less than RM25,000",0,0,0,0,3,3,0,1,1,5,1,3,2,4,3,3,3,2,"6,8",1
104,4,Male,Below 20,Student,"Less than RM25,000",0,0,0,0,3,3,0,2,1,5,0,3,2,4,3,4,3,2,"6,8",1
105,0,Male,40 and above,Employed,"RM50,000 - RM100,000",0,3,2,2,3,2,0,1,1,"0,3",2,4,2,3,4,4,4,3,"1,4,6",0
105,1,Male,40 and above,Employed,"RM50,000 - RM100,000",0,3,2,2,3,2,0,1,1,"0,3",2,3,2,4,4,4,4,3,"1,4,6",0
105,2,Male,40 and above,Employed,"RM50,000 - RM100,000",0,3,2,2,3,2,0,1,1,"0,3",2,3,2,4,4,4,4,3,"1,4,6",0
105,3,Male,40 and above,Employed,"RM50,000 - RM100,000",0,3,2,2,3,2,0,1,1,"0,3",2,3,2,4,4,4,4,3,"1,4,6",0
105,4,Male,40 and above,Employed,"RM50,000 - RM100,000",0,3,2,2,3,2,0,1,1,"0,3",2,3,2,4,4,4,4,3,"1,4,6",0
106,0,Male,From 20 to 29,Student,"Less than RM25,000",0,1,0,0,3,2,0,1,1,"0,3",2,3,2,4,3,4,3,3,"1,4,6",1
106,1,Male,From 20 to 29,Student,"Less than RM25,000",0,1,0,0,3,2,0,1,1,"0,3",2,3,2,4,3,4,3,3,"1,4,6",1
106,2,Male,From 20 to 29,Student,"Less than RM25,000",0,1,0,0,3,2,0,1,1,"0,3",2,3,2,4,4,4,3,3,"1,4,6",1
106,3,Male,From 20 to 29,Student,"Less than RM25,000",0,1,0,0,3,2,0,1,1,"0,3",2,3,2,4,3,4,3,3,"1,4,6",0
106,4,Male,From 20 to 29,Student,"Less than RM25,000",0,1,0,0,3,2,0,1,1,"0,3",2,3,2,4,3,4,3,3,"1,4,6",1
107,0,Female,Below 20,Student,"Less than RM25,000",1,0,0,0,3,2,0,2,1,"0,3",2,3,2,4,4,4,3,3,"1,4,6",1
107,1,Female,Below 20,Student,"Less than RM25,000",1,0,0,0,3,2,0,1,1,"0,3",1,3,2,4,3,3,3,2,"1,4,6",1
107,2,Female,Below 20,Student,"Less than RM25,000",1,0,0,0,3,2,0,1,1,"0,3",1,3,2,4,3,3,3,2,"1,4,6",0
107,3,Female,Below 20,Student,"Less than RM25,000",1,0,0,0,3,2,0,2,1,"0,3",1,3,2,4,3,4,3,2,"1,4,6",1
107,4,Female,Below 20,Student,"Less than RM25,000",1,0,0,0,3,2,0,1,1,"0,3",2,3,2,4,4,4,3,3,"1,4,6",1
108,0,Male,From 20 to 29,Student,"Less than RM25,000",0,1,0,0,3,2,0,1,1,"0,3",2,3,2,4,4,4,3,3,"1,4,6",1
108,1,Male,From 20 to 29,Student,"Less than RM25,000",0,1,0,0,3,2,0,1,1,"0,3",2,3,2,4,4,4,3,3,"1,4,6",1
108,2,Male,From 20 to 29,Student,"Less than RM25,000",0,1,0,0,3,2,0,1,1,"0,3",1,3,2,4,3,3,3,2,"1,4,6",1
108,3,Male,From 20 to 29,Student,"Less than RM25,000",0,1,0,0,3,2,0,2,1,"0,3",2,3,2,4,4,4,3,3,"1,4,6",1
108,4,Male,From 20 to 29,Student,"Less than RM25,000",0,1,0,0,3,2,0,1,1,"0,3",2,3,2,4,4,4,3,3,"1,4,6",1
109,0,Male,From 20 to 29,Student,"Less than RM25,000",0,1,0,0,3,2,0,1,1,"0,3",1,3,2,4,3,4,3,2,"1,4,6",1
109,1,Male,From 20 to 29,Student,"Less than RM25,000",0,1,0,0,3,2,0,2,1,"0,3",2,3,2,4,3,4,3,3,"1,4,6",0
109,2,Male,From 20 to 29,Student,"Less than RM25,000",0,1,0,0,3,2,0,1,1,"0,3",2,3,2,4,3,4,3,3,"1,4,6",1
109,3,Male,From 20 to 29,Student,"Less than RM25,000",0,1,0,0,3,2,0,1,1,"0,3",2,3,2,4,3,4,3,3,"1,4,6",1
109,4,Male,From 20 to 29,Student,"Less than RM25,000",0,1,0,0,3,2,0,1,1,"0,3",2,3,2,4,4,4,3,3,"1,4,6",1
110,0,Male,From 20 to 29,Student,"Less than RM25,000",0,1,0,0,3,2,0,1,1,"0,3",2,3,2,4,4,4,4,3,"1,4,6",0
110,1,Male,From 20 to 29,Student,"Less than RM25,000",0,1,0,0,3,2,0,1,1,"0,3",2,3,2,4,3,4,3,3,"1,4,6",1
110,2,Male,From 20 to 29,Student,"Less than RM25,000",0,1,0,0,3,2,0,1,1,"0,3",2,3,2,4,3,4,3,3,"1,4,6",0
110,3,Male,From 20 to 29,Student,"Less than RM25,000",0,1,0,0,3,2,0,1,1,"0,3",2,3,2,4,3,4,3,3,"1,4,6",0
110,4,Male,From 20 to 29,Student,"Less than RM25,000",0,1,0,0,3,2,0,1,1,"0,3",2,3,2,4,3,4,3,2,"1,4,6",1
111,0,Female,From 20 to 29,Employed,"Less than RM25,000",1,1,2,0,3,2,0,2,1,"0,3",1,3,2,4,4,4,3,3,"1,4,6",0
111,1,Female,From 20 to 29,Employed,"Less than RM25,000",1,1,2,0,3,2,0,1,1,"0,3",2,3,2,4,4,4,4,3,"1,4,6",1
111,2,Female,From 20 to 29,Employed,"Less than RM25,000",1,1,2,0,3,2,0,1,1,"0,3",2,3,2,4,4,4,3,3,"1,4,6",0
111,3,Female,From 20 to 29,Employed,"Less than RM25,000",1,1,2,0,3,2,0,1,1,"0,3",2,3,2,4,3,4,3,3,"1,4,6",1
111,4,Female,From 20 to 29,Employed,"Less than RM25,000",1,1,2,0,3,2,0,1,1,"0,3",2,3,2,4,3,4,3,3,"1,4,6",0
112,0,Male,From 20 to 29,Student,"More than RM150,000",0,1,0,4,3,2,1,1,1,"0,3",2,4,3,4,4,5,4,4,"1,4,6",0
112,1,Male,From 20 to 29,Student,"More than RM150,000",0,1,0,4,3,2,1,1,1,"0,3",2,4,3,4,4,5,4,4,"1,4,6",0
112,2,Male,From 20 to 29,Student,"More than RM150,000",0,1,0,4,3,2,1,1,1,"0,3",2,4,3,4,4,5,4,4,"1,4,6",0
112,3,Male,From 20 to 29,Student,"More than RM150,000",0,1,0,4,3,2,1,1,1,"0,3",2,4,3,4,4,4,4,4,"1,4,6",0
112,4,Male,From 20 to 29,Student,"More than RM150,000",0,1,0,4,3,2,1,1,1,"0,3",2,4,3,4,4,5,4,4,"1,4,6",0
113,0,Female,Below 20,Student,"Less than RM25,000",1,0,0,0,3,2,0,1,1,"0,3",1,3,2,4,3,4,3,3,"1,4,6",1
113,1,Female,Below 20,Student,"Less than RM25,000",1,0,0,0,3,2,0,1,1,"0,3",1,3,2,4,3,4,3,2,"1,4,6",1
113,2,Female,Below 20,Student,"Less than RM25,000",1,0,0,0,3,3,0,1,1,5,1,3,2,4,3,3,3,2,"1,6",1
113,3,Female,Below 20,Student,"Less than RM25,000",1,0,0,0,3,2,0,1,1,"0,3",1,3,2,4,3,3,3,2,"1,4,6",1
113,4,Female,Below 20,Student,"Less than RM25,000",1,0,0,0,3,2,0,1,1,"0,3",1,3,2,4,3,3,3,2,"1,4",1
114,0,Male,40 and above,Self-employed,"RM25,000 - RM50,000",0,3,1,1,3,2,0,1,1,"0,3",2,3,2,4,3,4,3,3,"1,4,6",0
114,1,Male,40 and above,Self-employed,"RM25,000 - RM50,000",0,3,1,1,3,2,0,1,1,"0,3",2,3,2,4,3,4,3,3,"1,4,6",0
114,2,Male,40 and above,Self-employed,"RM25,000 - RM50,000",0,3,1,1,3,2,0,1,1,"0,3",2,3,2,4,3,4,3,3,"1,4,6",0
114,3,Male,40 and above,Self-employed,"RM25,000 - RM50,000",0,3,1,1,3,2,0,1,1,"0,3",2,3,2,4,3,4,3,3,"1,4,6",0
114,4,Male,40 and above,Self-employed,"RM25,000 - RM50,000",0,3,1,1,3,2,0,2,1,"0,3",2,3,2,4,3,4,3,3,"1,4",0
115,0,Male,Below 20,Student,"Less than RM25,000",0,0,0,0,3,3,0,2,1,5,0,3,2,4,3,3,3,2,"6,8",1
115,1,Male,Below 20,Student,"Less than RM25,000",0,0,0,0,3,3,0,2,1,5,0,3,2,4,3,3,3,2,"6,8",1
115,2,Male,Below 20,Student,"Less than RM25,000",0,0,0,0,3,3,0,2,1,5,0,3,2,4,3,3,3,2,8,1
115,3,Male,Below 20,Student,"Less than RM25,000",0,0,0,0,3,3,0,2,1,5,0,3,2,4,3,3,3,2,"6,8",1
115,4,Male,Below 20,Student,"Less than RM25,000",0,0,0,0,3,3,0,2,1,5,0,3,2,4,3,3,3,2,"6,8",1
116,0,Male,From 30 to 39,Student,"Less than RM25,000",0,2,0,0,3,2,0,1,1,"0,3",1,3,2,4,3,4,3,2,"1,4",1
116,1,Male,From 30 to 39,Student,"Less than RM25,000",0,2,0,0,3,2,0,1,1,"0,3",1,3,2,4,3,3,3,2,"1,4,6",1
116,2,Male,From 30 to 39,Student,"Less than RM25,000",0,2,0,0,3,2,0,1,1,"0,3",1,3,2,4,3,4,3,2,"1,4",1
116,3,Male,From 30 to 39,Student,"Less than RM25,000",0,2,0,0,3,2,0,1,1,"0,3",1,3,2,4,3,4,3,2,"1,4",0
116,4,Male,From 30 to 39,Student,"Less than RM25,000",0,2,0,0,3,2,0,1,1,"0,3",1,3,2,4,3,4,3,3,"1,4,6",0
117,0,Male,40 and above,Self-employed,"RM25,000 - RM50,000",0,3,1,1,3,2,0,1,1,"0,3",2,3,2,4,3,4,3,3,"1,4,6",0
117,1,Male,40 and above,Self-employed,"RM25,000 - RM50,000",0,3,1,1,3,2,0,1,1,"0,3",2,3,2,4,3,4,3,3,"1,4,6",0
117,2,Male,40 and above,Self-employed,"RM25,000 - RM50,000",0,3,1,1,3,2,0,1,1,"0,3",2,3,2,4,3,4,3,3,"1,4,6",0
117,3,Male,40 and above,Self-employed,"RM25,000 - RM50,000",0,3,1,1,3,2,0,1,1,"0,3",2,3,2,4,3,4,3,3,"1,4,6",0
117,4,Male,40 and above,Self-employed,"RM25,000 - RM50,000",0,3,1,1,3,2,0,1,1,"0,3",2,3,2,4,3,4,3,3,"1,4,6",0
118,0,Male,From 20 to 29,Employed,"Less than RM25,000",0,1,2,0,3,2,0,1,1,"0,3",2,3,2,4,3,3,3,2,"1,4,6",0
118,1,Male,From 20 to 29,Employed,"Less than RM25,000",0,1,2,0,3,2,0,1,1,"0,3",2,3,2,4,3,4,3,3,"1,4,6",0
118,2,Male,From 20 to 29,Employed,"Less than RM25,000",0,1,2,0,3,2,0,1,1,"0,3",2,3,2,4,3,4,3,3,"1,4,6",0
118,3,Male,From 20 to 29,Employed,"Less than RM25,000",0,1,2,0,3,2,0,1,1,"0,3",2,3,2,4,3,4,3,3,"1,4,6",0
118,4,Male,From 20 to 29,Employed,"Less than RM25,000",0,1,2,0,3,2,0,1,1,"0,3",2,3,2,4,3,4,3,3,"1,4,6",0
119,0,Male,From 20 to 29,Student,"Less than RM25,000",0,1,0,0,3,2,0,1,1,"0,3",2,3,2,4,3,3,3,3,"1,4,6",0
119,1,Male,From 20 to 29,Student,"Less than RM25,000",0,1,0,0,3,2,0,1,1,"0,3",1,3,2,4,3,4,3,2,"1,4",1
119,2,Male,From 20 to 29,Student,"Less than RM25,000",0,1,0,0,3,2,0,1,1,"0,3",2,3,2,4,3,4,3,2,"1,4,6",1
119,3,Male,From 20 to 29,Student,"Less than RM25,000",0,1,0,0,3,2,0,1,1,"0,3",1,3,2,4,3,4,3,2,"1,4,6",1
119,4,Male,From 20 to 29,Student,"Less than RM25,000",0,1,0,0,3,2,0,1,1,"0,3",1,3,2,4,3,3,3,2,"1,4,6",1
120,0,Female,From 20 to 29,Employed,"Less than RM25,000",1,1,2,0,3,2,0,1,1,"0,3",2,3,2,4,3,4,3,3,"1,4,6",0
120,1,Female,From 20 to 29,Employed,"Less than RM25,000",1,1,2,0,3,2,0,1,1,"0,3",2,3,2,4,3,4,3,2,"1,4,6",0
120,2,Female,From 20 to 29,Employed,"Less than RM25,000",1,1,2,0,3,2,0,1,1,"0,3",2,3,2,4,3,3,3,2,"1,4",1
120,3,Female,From 20 to 29,Employed,"Less than RM25,000",1,1,2,0,3,2,0,1,1,"0,3",2,3,2,4,3,4,3,2,"1,4,6",1
120,4,Female,From 20 to 29,Employed,"Less than RM25,000",1,1,2,0,3,2,0,1,1,"0,3",2,3,2,4,3,4,3,3,"1,4,6",1
121,0,Male,From 20 to 29,Employed,"RM50,000 - RM100,000",0,1,2,2,3,2,0,1,1,"0,3",2,4,2,3,4,4,4,3,"1,4,6",0
121,1,Male,From 20 to 29,Employed,"RM50,000 - RM100,000",0,1,2,2,3,2,0,1,1,"0,3",2,3,2,4,4,4,4,3,"1,4,6",0
121,2,Male,From 20 to 29,Employed,"RM50,000 - RM100,000",0,1,2,2,3,2,0,1,1,"0,3",2,4,2,3,4,4,4,3,"1,4,6",0
121,3,Male,From 20 to 29,Employed,"RM50,000 - RM100,000",0,1,2,2,3,2,0,1,1,"0,3",2,4,2,3,4,4,4,3,"1,4",0
121,4,Male,From 20 to 29,Employed,"RM50,000 - RM100,000",0,1,2,2,3,2,0,1,1,"0,3",2,4,2,3,4,4,4,3,"1,4",0
